interactionID	basisOfRecord	sourceTaxonId	sourceTaxonName	sourceFamilyName	sourceCommonName	sourceSexName	sourceSexID	interactionTypeId	isNegated	interactionTypeName	targetBodyPartName	targetBodyPartId	experimentalConditionName	experimentalConditionId	targetTaxonId	targetTaxonName	targetFamilyName	targetCommonName	country	stateProvince	county	verbatimLocality	localityId	locality	habitat	decimalLatitude	decimalLongitude	minimumElevationInMeters	maximumElevationInMeters	verbatimEventDate	eventDate	eventTime	referenceDoi	referenceCitation	referenceType	primarySource	enteredBy	notes
373	LiteratureRecord	https://www.itis.gov/servlet/SingleRpt/SingleRpt?search_topic=TSN&search_value=699662#null	Anthidium maculosum	Megachilidae				http://purl.obolibrary.org/obo/RO_0002622		Visited reproductive parts	reproductive parts of flowers	http://www.ontobee.org/ontology/PO?iri=http://purl.obolibrary.org/obo/PO_0009046	in nature	http://purl.obolibrary.org/obo/ENVO_01001226		Salvia chaedryoides	Lamiaceae	Germander sage	United States of America	California														"Frankie, G., Feng, I., Thorp, R., Pawelek, J., Chase, M. H., Jadallah, C. C., & Rizzardi, M. (2019). Native and non-native plants attract diverse bees to urban gardens in California. Journal of Pollination Ecology, 25."	Journal Article	Yes	Rachel Behm	"cities throughout california, flight time of june to october"
374	LiteratureRecord	https://www.itis.gov/servlet/SingleRpt/SingleRpt?search_topic=TSN&search_value=698886#null	Anthophora californica	Apidae	California Digger			http://purl.obolibrary.org/obo/RO_0002622		Visited reproductive parts	reproductive parts of flowers	http://www.ontobee.org/ontology/PO?iri=http://purl.obolibrary.org/obo/PO_0009046	in nature	http://purl.obolibrary.org/obo/ENVO_01001226		Salvia chaedryoides	Lamiaceae	Germander sage	United States of America	California														"Frankie, G., Feng, I., Thorp, R., Pawelek, J., Chase, M. H., Jadallah, C. C., & Rizzardi, M. (2019). Native and non-native plants attract diverse bees to urban gardens in California. Journal of Pollination Ecology, 25."	Journal Article	Yes	Rachel Behm	"cities throughout california, flight time march to july"
375	LiteratureRecord	https://www.itis.gov/servlet/SingleRpt/SingleRpt?search_topic=TSN&search_value=698940#null	Anthophora urbana	Apidae	Urbane Digger			http://purl.obolibrary.org/obo/RO_0002622		Visited reproductive parts	reproductive parts of flowers	http://www.ontobee.org/ontology/PO?iri=http://purl.obolibrary.org/obo/PO_0009046	in nature	http://purl.obolibrary.org/obo/ENVO_01001226		Salvia chaedryoides	Lamiaceae	Germander sage	United States of America	California														"Frankie, G., Feng, I., Thorp, R., Pawelek, J., Chase, M. H., Jadallah, C. C., & Rizzardi, M. (2019). Native and non-native plants attract diverse bees to urban gardens in California. Journal of Pollination Ecology, 25."	Journal Article	Yes	Rachel Behm	"cities throughout california, flight time april to october"
376	LiteratureRecord	https://www.itis.gov/servlet/SingleRpt/SingleRpt?search_topic=TSN&search_value=699606#null	Melissodes communis alopex	Apidae				http://purl.obolibrary.org/obo/RO_0002622		Visited reproductive parts	reproductive parts of flowers	http://www.ontobee.org/ontology/PO?iri=http://purl.obolibrary.org/obo/PO_0009046	in nature	http://purl.obolibrary.org/obo/ENVO_01001226		Salvia chaedryoides	Lamiaceae	Germander sage	United States of America	California														"Frankie, G., Feng, I., Thorp, R., Pawelek, J., Chase, M. H., Jadallah, C. C., & Rizzardi, M. (2019). Native and non-native plants attract diverse bees to urban gardens in California. Journal of Pollination Ecology, 25."	Journal Article	Yes	Rachel Behm	"cities throughout california, flight time june to august"
377	LiteratureRecord	https://www.itis.gov/servlet/SingleRpt/SingleRpt?search_topic=TSN&search_value=757559#null	Agapostemon texanus	Halictidae	Texas Striped-Sweat bee			http://purl.obolibrary.org/obo/RO_0002622		Visited reproductive parts	reproductive parts of flowers	http://www.ontobee.org/ontology/PO?iri=http://purl.obolibrary.org/obo/PO_0009046	in nature	http://purl.obolibrary.org/obo/ENVO_01001226		Salvia clevandii	Lamiaceae	Fragrant sage	United States of America	California														"Frankie, G., Feng, I., Thorp, R., Pawelek, J., Chase, M. H., Jadallah, C. C., & Rizzardi, M. (2019). Native and non-native plants attract diverse bees to urban gardens in California. Journal of Pollination Ecology, 25."	Journal Article	Yes	Rachel Behm	"cities throughout california, flight time march to october"
378	LiteratureRecord	https://www.itis.gov/servlet/SingleRpt/SingleRpt?search_topic=TSN&search_value=654206#null	Andrena candida	Andrenidae	Mock-orange Miner Bee			http://purl.obolibrary.org/obo/RO_0002622		Visited reproductive parts	reproductive parts of flowers	http://www.ontobee.org/ontology/PO?iri=http://purl.obolibrary.org/obo/PO_0009046	in nature	http://purl.obolibrary.org/obo/ENVO_01001226		Salvia clevandii	Lamiaceae	Fragrant sage	United States of America	California														"Frankie, G., Feng, I., Thorp, R., Pawelek, J., Chase, M. H., Jadallah, C. C., & Rizzardi, M. (2019). Native and non-native plants attract diverse bees to urban gardens in California. Journal of Pollination Ecology, 25."	Journal Article	Yes	Rachel Behm	"cities throughout california, flight time february to june"
379	LiteratureRecord	https://www.itis.gov/servlet/SingleRpt/SingleRpt?search_topic=TSN&search_value=714820#null	Bombus melanopygus	Apidae	Black-tailed Bumble Bee			http://purl.obolibrary.org/obo/RO_0002622		Visited reproductive parts	reproductive parts of flowers	http://www.ontobee.org/ontology/PO?iri=http://purl.obolibrary.org/obo/PO_0009046	in nature	http://purl.obolibrary.org/obo/ENVO_01001226		Salvia clevandii	Lamiaceae	Fragrant sage	United States of America	California														"Frankie, G., Feng, I., Thorp, R., Pawelek, J., Chase, M. H., Jadallah, C. C., & Rizzardi, M. (2019). Native and non-native plants attract diverse bees to urban gardens in California. Journal of Pollination Ecology, 25."	Journal Article	Yes	Rachel Behm	"cities throughout california, flight time january to august"
380	LiteratureRecord	https://www.itis.gov/servlet/SingleRpt/SingleRpt?search_topic=TSN&search_value=684982#null	Xylocopa varipuncta	Apidae	Valley Carpenter Bee			http://purl.obolibrary.org/obo/RO_0002622		Visited reproductive parts	reproductive parts of flowers	http://www.ontobee.org/ontology/PO?iri=http://purl.obolibrary.org/obo/PO_0009046	in nature	http://purl.obolibrary.org/obo/ENVO_01001226		Salvia clevandii	Lamiaceae	Fragrant sage	United States of America	California														"Frankie, G., Feng, I., Thorp, R., Pawelek, J., Chase, M. H., Jadallah, C. C., & Rizzardi, M. (2019). Native and non-native plants attract diverse bees to urban gardens in California. Journal of Pollination Ecology, 25."	Journal Article	Yes	Rachel Behm	"cities throughout california, flight time march to september"
381	LiteratureRecord	https://www.itis.gov/servlet/SingleRpt/SingleRpt?search_topic=TSN&search_value=757862#null	Halictus tripartitus	Halictidae				http://purl.obolibrary.org/obo/RO_0002622		Visited reproductive parts	reproductive parts of flowers	http://www.ontobee.org/ontology/PO?iri=http://purl.obolibrary.org/obo/PO_0009046	in nature	http://purl.obolibrary.org/obo/ENVO_01001226		Salvia chaedryoides	Lamiaceae	Germander sage	United States of America	California														"Frankie, G., Feng, I., Thorp, R., Pawelek, J., Chase, M. H., Jadallah, C. C., & Rizzardi, M. (2019). Native and non-native plants attract diverse bees to urban gardens in California. Journal of Pollination Ecology, 25."	Journal Article	Yes	Rachel Behm	cities throughout california
382	LiteratureRecord	https://www.itis.gov/servlet/SingleRpt/SingleRpt?search_topic=TSN&search_value=766588#null	Melissodes tepida timberlakei	Apidae				http://purl.obolibrary.org/obo/RO_0002622		Visited reproductive parts	reproductive parts of flowers	http://www.ontobee.org/ontology/PO?iri=http://purl.obolibrary.org/obo/PO_0009046	in nature	http://purl.obolibrary.org/obo/ENVO_01001226		Salvia chaedryoides	Lamiaceae	Germander sage	United States of America	California														"Frankie, G., Feng, I., Thorp, R., Pawelek, J., Chase, M. H., Jadallah, C. C., & Rizzardi, M. (2019). Native and non-native plants attract diverse bees to urban gardens in California. Journal of Pollination Ecology, 25."	Journal Article	Yes	Rachel Behm	cities throughout california
383	LiteratureRecord	https://www.itis.gov/servlet/SingleRpt/SingleRpt?search_topic=TSN&search_value=684999#null	Xylocopa tabaniformis orpifex	Apidae				http://purl.obolibrary.org/obo/RO_0002622		Visited reproductive parts	reproductive parts of flowers	http://www.ontobee.org/ontology/PO?iri=http://purl.obolibrary.org/obo/PO_0009046	in nature	http://purl.obolibrary.org/obo/ENVO_01001226		Salvia chaedryoides	Lamiaceae	Germander sage	United States of America	California														"Frankie, G., Feng, I., Thorp, R., Pawelek, J., Chase, M. H., Jadallah, C. C., & Rizzardi, M. (2019). Native and non-native plants attract diverse bees to urban gardens in California. Journal of Pollination Ecology, 25."	Journal Article	Yes	Rachel Behm	cities throughout california
384	LiteratureRecord	https://www.itis.gov/servlet/SingleRpt/SingleRpt?search_topic=TSN&search_value=714791#null	Bombus californicus	Apidae	California Bumble Bee			http://purl.obolibrary.org/obo/RO_0002622		Visited reproductive parts	reproductive parts of flowers	http://www.ontobee.org/ontology/PO?iri=http://purl.obolibrary.org/obo/PO_0009046	in nature	http://purl.obolibrary.org/obo/ENVO_01001226		Salvia chaedryoides	Lamiaceae	Germander sage	United States of America	California														"Frankie, G., Feng, I., Thorp, R., Pawelek, J., Chase, M. H., Jadallah, C. C., & Rizzardi, M. (2019). Native and non-native plants attract diverse bees to urban gardens in California. Journal of Pollination Ecology, 25."	Journal Article	Yes	Rachel Behm	cities throughout california
385	LiteratureRecord	https://www.itis.gov/servlet/SingleRpt/SingleRpt?search_topic=TSN&search_value=757862#null	Halictus tripartitus	Halictidae				http://purl.obolibrary.org/obo/RO_0002622		Visited reproductive parts	reproductive parts of flowers	http://www.ontobee.org/ontology/PO?iri=http://purl.obolibrary.org/obo/PO_0009046	in nature	http://purl.obolibrary.org/obo/ENVO_01001226		Salvia clevandii	Lamiaceae	Fragrant sage	United States of America	California														"Frankie, G., Feng, I., Thorp, R., Pawelek, J., Chase, M. H., Jadallah, C. C., & Rizzardi, M. (2019). Native and non-native plants attract diverse bees to urban gardens in California. Journal of Pollination Ecology, 25."	Journal Article	Yes	Rachel Behm	cities throughout california
386	LiteratureRecord	https://www.itis.gov/servlet/SingleRpt/SingleRpt?search_topic=TSN&search_value=766588#null	Melissodes tepida timberlakei	Apidae				http://purl.obolibrary.org/obo/RO_0002622		Visited reproductive parts	reproductive parts of flowers	http://www.ontobee.org/ontology/PO?iri=http://purl.obolibrary.org/obo/PO_0009046	in nature	http://purl.obolibrary.org/obo/ENVO_01001226		Salvia clevandii	Lamiaceae	Fragrant sage	United States of America	California														"Frankie, G., Feng, I., Thorp, R., Pawelek, J., Chase, M. H., Jadallah, C. C., & Rizzardi, M. (2019). Native and non-native plants attract diverse bees to urban gardens in California. Journal of Pollination Ecology, 25."	Journal Article	Yes	Rachel Behm	cities throughout california
387	LiteratureRecord	https://www.itis.gov/servlet/SingleRpt/SingleRpt?search_topic=TSN&search_value=684999#null	Xylocopa tabaniformis orpifex	Apidae				http://purl.obolibrary.org/obo/RO_0002622		Visited reproductive parts	reproductive parts of flowers	http://www.ontobee.org/ontology/PO?iri=http://purl.obolibrary.org/obo/PO_0009046	in nature	http://purl.obolibrary.org/obo/ENVO_01001226		Salvia clevandii	Lamiaceae	Fragrant sage	United States of America	California														"Frankie, G., Feng, I., Thorp, R., Pawelek, J., Chase, M. H., Jadallah, C. C., & Rizzardi, M. (2019). Native and non-native plants attract diverse bees to urban gardens in California. Journal of Pollination Ecology, 25."	Journal Article	Yes	Rachel Behm	cities throughout california
388	LiteratureRecord	https://www.itis.gov/servlet/SingleRpt/SingleRpt?search_topic=TSN&search_value=714791#null	Bombus californicus	Apidae	California Bumble Bee			http://purl.obolibrary.org/obo/RO_0002622		Visited reproductive parts	reproductive parts of flowers	http://www.ontobee.org/ontology/PO?iri=http://purl.obolibrary.org/obo/PO_0009046	in nature	http://purl.obolibrary.org/obo/ENVO_01001226		Salvia clevandii	Lamiaceae	Fragrant sage	United States of America	California														"Frankie, G., Feng, I., Thorp, R., Pawelek, J., Chase, M. H., Jadallah, C. C., & Rizzardi, M. (2019). Native and non-native plants attract diverse bees to urban gardens in California. Journal of Pollination Ecology, 25."	Journal Article	Yes	Rachel Behm	cities throughout california
																																						
389	LiteratureRecord	https://www.itis.gov/servlet/SingleRpt/SingleRpt?search_topic=TSN&search_value=154396#null	Apis mellifera	Apidae	European Honey Bee	Female			Yes	Crossbreeding			in nature	http://purl.obolibrary.org/obo/ENVO_01001226		Apis mellifera scutellata	Apidae	Africanized Honey Bee	United States of America	California	Santa Barbara	Santa Cruz Island		Santa Cruz Island										"Wenner, A. M. & Thorp, R. W. (1996). Varroa Impact on an Island Population of Honey Bee Colonies, Proceedings of the Western Apicultural Society, 18, 49-55."	Conference Proceedings	No	Rachel Behm	want to prevent this from happening before it does
390	LiteratureRecord	https://www.itis.gov/servlet/SingleRpt/SingleRpt?search_topic=TSN&search_value=154396#null	Apis mellifera	Apidae	European Honey Bee			http://purl.obolibrary.org/obo/OMIT_0026661		Colony collapse due to infestation			in domestic hive	http://www.ontobee.org/ontology/ENVO?iri=http://purl.obolibrary.org/obo/ENVO_01000311		Varroa destructor	Varroidae	Varroa mite	United States of America	Wisconsin										Oct-87	Oct-87			"Wenner, A. M. & Thorp, R. W. (1996). Varroa Impact on an Island Population of Honey Bee Colonies, Proceedings of the Western Apicultural Society, 18, 49-55."	Conference Proceedings	Yes	Rachel Behm	observation from beekeeper
391	LiteratureRecord	https://www.itis.gov/servlet/SingleRpt/SingleRpt?search_topic=TSN&search_value=154396#null	Apis mellifera	Apidae	European Honey Bee			http://purl.obolibrary.org/obo/OMIT_0026661		Colony collapse due to infestation			in nature	http://purl.obolibrary.org/obo/ENVO_01001226		Varroa destructor	Varroidae	Varroa mite	United Kingdom	Isle of Man														"Wenner, A. M. & Thorp, R. W. (1996). Varroa Impact on an Island Population of Honey Bee Colonies, Proceedings of the Western Apicultural Society, 18, 49-55."	Conference Proceedings	No	Rachel Behm	"parasitism despite great lengths at prevention, referencing Mobus&Bruyn 1993"
392	LiteratureRecord	https://www.itis.gov/servlet/SingleRpt/SingleRpt?search_topic=TSN&search_value=154396#null	Apis mellifera	Apidae	European Honey Bee			http://purl.obolibrary.org/obo/OMIT_0026661		Colony collapse due to infestation			in nature	http://purl.obolibrary.org/obo/ENVO_01001226		Varroa destructor	Varroidae	Varroa mite	United States of America	California	Santa Barbara	Santa Cruz Island		Santa Cruz Island						Oct 1987-Aug 1996				"Wenner, A. M. & Thorp, R. W. (1996). Varroa Impact on an Island Population of Honey Bee Colonies, Proceedings of the Western Apicultural Society, 18, 49-55."	Conference Proceedings	Yes	Rachel Behm	introduced mites for control of european honeybee biocontrol
393	LiteratureRecord	https://www.itis.gov/servlet/SingleRpt/SingleRpt?search_topic=TSN&search_value=154396#null	Apis mellifera	Apidae	European Honey Bee			http://purl.obolibrary.org/obo/RO_0002455		Pollinating	Pollen	http://www.ontobee.org/ontology/PO?iri=http://purl.obolibrary.org/obo/PO_0025281	agricultural	http://www.ontobee.org/ontology/ENVO?iri=http://purl.obolibrary.org/obo/ENVO_01000311		Persea americana	Lauraceae	Avocado	Mexico	Mexico		Cotacepec Harinas		Cotacepec Harinas	Avocado orchard					January to March of 1998 and 1999				"Castañeda-Vildózola, A., Equihua-Martínez, A., Valdés-Carrasco, J., Barrientos-Priego, A. F., Ish-Am, G., & Gazit, S. (1999). Insectos polinizadores del aguacatero en los estados de México y Michoacán. Revista Chapingo Serie Horticultura, 5, 129-136."	Journal Article	Yes	Rachel Behm	pollen amount measured on individual species
394	LiteratureRecord	https://www.itis.gov/servlet/SingleRpt/SingleRpt?search_topic=TSN&search_value=154396#null	Apis mellifera	Apidae	European Honey Bee			http://purl.obolibrary.org/obo/RO_0002455		Pollinating	Pollen	http://www.ontobee.org/ontology/PO?iri=http://purl.obolibrary.org/obo/PO_0025281	agricultural	http://www.ontobee.org/ontology/ENVO?iri=http://purl.obolibrary.org/obo/ENVO_01000311		Persea americana	Lauraceae	Avocado	Mexico	Michoacan		Ziracuaretiro		Ziracuaretiro	Avocado orchard					January to March of 1998 and 1999				"Castañeda-Vildózola, A., Equihua-Martínez, A., Valdés-Carrasco, J., Barrientos-Priego, A. F., Ish-Am, G., & Gazit, S. (1999). Insectos polinizadores del aguacatero en los estados de México y Michoacán. Revista Chapingo Serie Horticultura, 5, 129-136."	Journal Article	Yes	Rachel Behm	pollen amount measured on individual species
395	LiteratureRecord		Geotigona acapulconis	Apidae				http://purl.obolibrary.org/obo/RO_0002455		Pollinating	Pollen	http://www.ontobee.org/ontology/PO?iri=http://purl.obolibrary.org/obo/PO_0025281	agricultural	http://www.ontobee.org/ontology/ENVO?iri=http://purl.obolibrary.org/obo/ENVO_01000311		Persea americana	Lauraceae	Avocado	Mexico	Mexico		Cotacepec Harinas		Cotacepec Harinas	Avocado orchard					January to March of 1998 and 1999				"Castañeda-Vildózola, A., Equihua-Martínez, A., Valdés-Carrasco, J., Barrientos-Priego, A. F., Ish-Am, G., & Gazit, S. (1999). Insectos polinizadores del aguacatero en los estados de México y Michoacán. Revista Chapingo Serie Horticultura, 5, 129-136."	Journal Article	Yes	Rachel Behm	pollen amount measured on individual species
396	LiteratureRecord		Geotigona acapulconis	Apidae				http://purl.obolibrary.org/obo/RO_0002455		Pollinating	Pollen	http://www.ontobee.org/ontology/PO?iri=http://purl.obolibrary.org/obo/PO_0025281	agricultural	http://www.ontobee.org/ontology/ENVO?iri=http://purl.obolibrary.org/obo/ENVO_01000311		Persea americana	Lauraceae	Avocado	Mexico	Michoacan		Ziracuaretiro		Ziracuaretiro	Avocado orchard					January to March of 1998 and 1999				"Castañeda-Vildózola, A., Equihua-Martínez, A., Valdés-Carrasco, J., Barrientos-Priego, A. F., Ish-Am, G., & Gazit, S. (1999). Insectos polinizadores del aguacatero en los estados de México y Michoacán. Revista Chapingo Serie Horticultura, 5, 129-136."	Journal Article	Yes	Rachel Behm	pollen amount measured on individual species
397	LiteratureRecord		Dinagapostemin	Halictidae				http://purl.obolibrary.org/obo/RO_0002455		Pollinating	Pollen	http://www.ontobee.org/ontology/PO?iri=http://purl.obolibrary.org/obo/PO_0025281	agricultural	http://www.ontobee.org/ontology/ENVO?iri=http://purl.obolibrary.org/obo/ENVO_01000311		Persea americana	Lauraceae	Avocado	Mexico	Mexico		Cotacepec Harinas		Cotacepec Harinas	Avocado orchard					January to March of 1998 and 1999				"Castañeda-Vildózola, A., Equihua-Martínez, A., Valdés-Carrasco, J., Barrientos-Priego, A. F., Ish-Am, G., & Gazit, S. (1999). Insectos polinizadores del aguacatero en los estados de México y Michoacán. Revista Chapingo Serie Horticultura, 5, 129-136."	Journal Article	Yes	Rachel Behm	pollen amount measured on individual species
398	LiteratureRecord	https://www.itis.gov/servlet/SingleRpt/SingleRpt?search_topic=TSN&search_value=139911#null	Allograpta exotica	Syrphidae				http://purl.obolibrary.org/obo/RO_0002455		Pollinating	Pollen	http://www.ontobee.org/ontology/PO?iri=http://purl.obolibrary.org/obo/PO_0025281	agricultural	http://www.ontobee.org/ontology/ENVO?iri=http://purl.obolibrary.org/obo/ENVO_01000311		Persea americana	Lauraceae	Avocado	Mexico	Mexico		Cotacepec Harinas		Cotacepec Harinas	Avocado orchard					January to March of 1998 and 1999				"Castañeda-Vildózola, A., Equihua-Martínez, A., Valdés-Carrasco, J., Barrientos-Priego, A. F., Ish-Am, G., & Gazit, S. (1999). Insectos polinizadores del aguacatero en los estados de México y Michoacán. Revista Chapingo Serie Horticultura, 5, 129-136."	Journal Article	Yes	Rachel Behm	pollen amount measured on individual species
399	LiteratureRecord	https://www.itis.gov/servlet/SingleRpt/SingleRpt?search_topic=TSN&search_value=139914#null	Allograpta micrura	Syrphidae				http://purl.obolibrary.org/obo/RO_0002455		Pollinating	Pollen	http://www.ontobee.org/ontology/PO?iri=http://purl.obolibrary.org/obo/PO_0025281	agricultural	http://www.ontobee.org/ontology/ENVO?iri=http://purl.obolibrary.org/obo/ENVO_01000311		Persea americana	Lauraceae	Avocado	Mexico	Mexico		Cotacepec Harinas		Cotacepec Harinas	Avocado orchard					January to March of 1998 and 1999				"Castañeda-Vildózola, A., Equihua-Martínez, A., Valdés-Carrasco, J., Barrientos-Priego, A. F., Ish-Am, G., & Gazit, S. (1999). Insectos polinizadores del aguacatero en los estados de México y Michoacán. Revista Chapingo Serie Horticultura, 5, 129-136."	Journal Article	Yes	Rachel Behm	pollen amount measured on individual species
400	LiteratureRecord		Allograpta neotropica	Syrphidae				http://purl.obolibrary.org/obo/RO_0002455		Pollinating	Pollen	http://www.ontobee.org/ontology/PO?iri=http://purl.obolibrary.org/obo/PO_0025281	agricultural	http://www.ontobee.org/ontology/ENVO?iri=http://purl.obolibrary.org/obo/ENVO_01000311		Persea americana	Lauraceae	Avocado	Mexico	Mexico		Cotacepec Harinas		Cotacepec Harinas	Avocado orchard					January to March of 1998 and 1999				"Castañeda-Vildózola, A., Equihua-Martínez, A., Valdés-Carrasco, J., Barrientos-Priego, A. F., Ish-Am, G., & Gazit, S. (1999). Insectos polinizadores del aguacatero en los estados de México y Michoacán. Revista Chapingo Serie Horticultura, 5, 129-136."	Journal Article	Yes	Rachel Behm	pollen amount measured on individual species
401	LiteratureRecord		Allograpta teligerana	Syrphidae				http://purl.obolibrary.org/obo/RO_0002455		Pollinating	Pollen	http://www.ontobee.org/ontology/PO?iri=http://purl.obolibrary.org/obo/PO_0025281	agricultural	http://www.ontobee.org/ontology/ENVO?iri=http://purl.obolibrary.org/obo/ENVO_01000311		Persea americana	Lauraceae	Avocado	Mexico	Mexico		Cotacepec Harinas		Cotacepec Harinas	Avocado orchard					January to March of 1998 and 1999				"Castañeda-Vildózola, A., Equihua-Martínez, A., Valdés-Carrasco, J., Barrientos-Priego, A. F., Ish-Am, G., & Gazit, S. (1999). Insectos polinizadores del aguacatero en los estados de México y Michoacán. Revista Chapingo Serie Horticultura, 5, 129-136."	Journal Article	Yes	Rachel Behm	pollen amount measured on individual species
402	LiteratureRecord		Ceriana facialis	Syrphidae				http://purl.obolibrary.org/obo/RO_0002455		Pollinating	Pollen	http://www.ontobee.org/ontology/PO?iri=http://purl.obolibrary.org/obo/PO_0025281	agricultural	http://www.ontobee.org/ontology/ENVO?iri=http://purl.obolibrary.org/obo/ENVO_01000311		Persea americana	Lauraceae	Avocado	Mexico	Mexico		Cotacepec Harinas		Cotacepec Harinas	Avocado orchard					January to March of 1998 and 1999				"Castañeda-Vildózola, A., Equihua-Martínez, A., Valdés-Carrasco, J., Barrientos-Priego, A. F., Ish-Am, G., & Gazit, S. (1999). Insectos polinizadores del aguacatero en los estados de México y Michoacán. Revista Chapingo Serie Horticultura, 5, 129-136."	Journal Article	Yes	Rachel Behm	pollen amount measured on individual species
403	LiteratureRecord		Copestilum sica	Syrphidae				http://purl.obolibrary.org/obo/RO_0002455		Pollinating	Pollen	http://www.ontobee.org/ontology/PO?iri=http://purl.obolibrary.org/obo/PO_0025281	agricultural	http://www.ontobee.org/ontology/ENVO?iri=http://purl.obolibrary.org/obo/ENVO_01000311		Persea americana	Lauraceae	Avocado	Mexico	Mexico		Cotacepec Harinas		Cotacepec Harinas	Avocado orchard					January to March of 1998 and 1999				"Castañeda-Vildózola, A., Equihua-Martínez, A., Valdés-Carrasco, J., Barrientos-Priego, A. F., Ish-Am, G., & Gazit, S. (1999). Insectos polinizadores del aguacatero en los estados de México y Michoacán. Revista Chapingo Serie Horticultura, 5, 129-136."	Journal Article	Yes	Rachel Behm	pollen amount measured on individual species
404	LiteratureRecord		Copestilum sica	Syrphidae				http://purl.obolibrary.org/obo/RO_0002455		Pollinating	Pollen	http://www.ontobee.org/ontology/PO?iri=http://purl.obolibrary.org/obo/PO_0025281	agricultural	http://www.ontobee.org/ontology/ENVO?iri=http://purl.obolibrary.org/obo/ENVO_01000311		Persea americana	Lauraceae	Avocado	Mexico	Michoacan		Ziracuaretiro		Ziracuaretiro	Avocado orchard					January to March of 1998 and 1999				"Castañeda-Vildózola, A., Equihua-Martínez, A., Valdés-Carrasco, J., Barrientos-Priego, A. F., Ish-Am, G., & Gazit, S. (1999). Insectos polinizadores del aguacatero en los estados de México y Michoacán. Revista Chapingo Serie Horticultura, 5, 129-136."	Journal Article	Yes	Rachel Behm	pollen amount measured on individual species
405	LiteratureRecord		Copestilum taumaulipanum	Syrphidae				http://purl.obolibrary.org/obo/RO_0002455		Pollinating	Pollen	http://www.ontobee.org/ontology/PO?iri=http://purl.obolibrary.org/obo/PO_0025281	agricultural	http://www.ontobee.org/ontology/ENVO?iri=http://purl.obolibrary.org/obo/ENVO_01000311		Persea americana	Lauraceae	Avocado	Mexico	Mexico		Cotacepec Harinas		Cotacepec Harinas	Avocado orchard					January to March of 1998 and 1999				"Castañeda-Vildózola, A., Equihua-Martínez, A., Valdés-Carrasco, J., Barrientos-Priego, A. F., Ish-Am, G., & Gazit, S. (1999). Insectos polinizadores del aguacatero en los estados de México y Michoacán. Revista Chapingo Serie Horticultura, 5, 129-136."	Journal Article	Yes	Rachel Behm	pollen amount measured on individual species
406	LiteratureRecord		Dusysyrphus lotus	Syrphidae				http://purl.obolibrary.org/obo/RO_0002455		Pollinating	Pollen	http://www.ontobee.org/ontology/PO?iri=http://purl.obolibrary.org/obo/PO_0025281	agricultural	http://www.ontobee.org/ontology/ENVO?iri=http://purl.obolibrary.org/obo/ENVO_01000311		Persea americana	Lauraceae	Avocado	Mexico	Mexico		Cotacepec Harinas		Cotacepec Harinas	Avocado orchard					January to March of 1998 and 1999				"Castañeda-Vildózola, A., Equihua-Martínez, A., Valdés-Carrasco, J., Barrientos-Priego, A. F., Ish-Am, G., & Gazit, S. (1999). Insectos polinizadores del aguacatero en los estados de México y Michoacán. Revista Chapingo Serie Horticultura, 5, 129-136."	Journal Article	Yes	Rachel Behm	pollen amount measured on individual species
407	LiteratureRecord		Eristalis circe	Syrphidae				http://purl.obolibrary.org/obo/RO_0002455		Pollinating	Pollen	http://www.ontobee.org/ontology/PO?iri=http://purl.obolibrary.org/obo/PO_0025281	agricultural	http://www.ontobee.org/ontology/ENVO?iri=http://purl.obolibrary.org/obo/ENVO_01000311		Persea americana	Lauraceae	Avocado	Mexico	Mexico		Cotacepec Harinas		Cotacepec Harinas	Avocado orchard					January to March of 1998 and 1999				"Castañeda-Vildózola, A., Equihua-Martínez, A., Valdés-Carrasco, J., Barrientos-Priego, A. F., Ish-Am, G., & Gazit, S. (1999). Insectos polinizadores del aguacatero en los estados de México y Michoacán. Revista Chapingo Serie Horticultura, 5, 129-136."	Journal Article	Yes	Rachel Behm	pollen amount measured on individual species
408	LiteratureRecord	https://www.itis.gov/servlet/SingleRpt/SingleRpt?search_topic=TSN&search_value=140969#null	Eristalis tenax	Syrphidae	Drone Fly			http://purl.obolibrary.org/obo/RO_0002455		Pollinating	Pollen	http://www.ontobee.org/ontology/PO?iri=http://purl.obolibrary.org/obo/PO_0025281	agricultural	http://www.ontobee.org/ontology/ENVO?iri=http://purl.obolibrary.org/obo/ENVO_01000311		Persea americana	Lauraceae	Avocado	Mexico	Mexico		Cotacepec Harinas		Cotacepec Harinas	Avocado orchard					January to March of 1998 and 1999				"Castañeda-Vildózola, A., Equihua-Martínez, A., Valdés-Carrasco, J., Barrientos-Priego, A. F., Ish-Am, G., & Gazit, S. (1999). Insectos polinizadores del aguacatero en los estados de México y Michoacán. Revista Chapingo Serie Horticultura, 5, 129-136."	Journal Article	Yes	Rachel Behm	pollen amount measured on individual species
409	LiteratureRecord	https://www.itis.gov/servlet/SingleRpt/SingleRpt?search_topic=TSN&search_value=140969#null	Eristalis tenax	Syrphidae	Drone Fly			http://purl.obolibrary.org/obo/RO_0002455		Pollinating	Pollen	http://www.ontobee.org/ontology/PO?iri=http://purl.obolibrary.org/obo/PO_0025281	agricultural	http://www.ontobee.org/ontology/ENVO?iri=http://purl.obolibrary.org/obo/ENVO_01000311		Persea americana	Lauraceae	Avocado	Mexico	Michoacan		Ziracuaretiro		Ziracuaretiro	Avocado orchard					January to March of 1998 and 1999				"Castañeda-Vildózola, A., Equihua-Martínez, A., Valdés-Carrasco, J., Barrientos-Priego, A. F., Ish-Am, G., & Gazit, S. (1999). Insectos polinizadores del aguacatero en los estados de México y Michoacán. Revista Chapingo Serie Horticultura, 5, 129-136."	Journal Article	Yes	Rachel Behm	pollen amount measured on individual species
410	LiteratureRecord	https://www.itis.gov/servlet/SingleRpt/SingleRpt?search_topic=TSN&search_value=140842#null	Lejops (Asemosyrphus) mexicanus	Syrphidae				http://purl.obolibrary.org/obo/RO_0002455		Pollinating	Pollen	http://www.ontobee.org/ontology/PO?iri=http://purl.obolibrary.org/obo/PO_0025281	agricultural	http://www.ontobee.org/ontology/ENVO?iri=http://purl.obolibrary.org/obo/ENVO_01000311		Persea americana	Lauraceae	Avocado	Mexico	Mexico		Cotacepec Harinas		Cotacepec Harinas	Avocado orchard					January to March of 1998 and 1999				"Castañeda-Vildózola, A., Equihua-Martínez, A., Valdés-Carrasco, J., Barrientos-Priego, A. F., Ish-Am, G., & Gazit, S. (1999). Insectos polinizadores del aguacatero en los estados de México y Michoacán. Revista Chapingo Serie Horticultura, 5, 129-136."	Journal Article	Yes	Rachel Behm	pollen amount measured on individual species
411	LiteratureRecord	https://www.itis.gov/servlet/SingleRpt/SingleRpt?search_topic=TSN&search_value=140724#null	Ornidia obesa	Syrphidae				http://purl.obolibrary.org/obo/RO_0002455		Pollinating	Pollen	http://www.ontobee.org/ontology/PO?iri=http://purl.obolibrary.org/obo/PO_0025281	agricultural	http://www.ontobee.org/ontology/ENVO?iri=http://purl.obolibrary.org/obo/ENVO_01000311		Persea americana	Lauraceae	Avocado	Mexico	Mexico		Cotacepec Harinas		Cotacepec Harinas	Avocado orchard					January to March of 1998 and 1999				"Castañeda-Vildózola, A., Equihua-Martínez, A., Valdés-Carrasco, J., Barrientos-Priego, A. F., Ish-Am, G., & Gazit, S. (1999). Insectos polinizadores del aguacatero en los estados de México y Michoacán. Revista Chapingo Serie Horticultura, 5, 129-136."	Journal Article	Yes	Rachel Behm	pollen amount measured on individual species
412	LiteratureRecord	https://www.itis.gov/servlet/SingleRpt/SingleRpt?search_topic=TSN&search_value=140724#null	Ornidia obesa	Syrphidae				http://purl.obolibrary.org/obo/RO_0002455		Pollinating	Pollen	http://www.ontobee.org/ontology/PO?iri=http://purl.obolibrary.org/obo/PO_0025281	agricultural	http://www.ontobee.org/ontology/ENVO?iri=http://purl.obolibrary.org/obo/ENVO_01000311		Persea americana	Lauraceae	Avocado	Mexico	Michoacan		Ziracuaretiro		Ziracuaretiro	Avocado orchard					January to March of 1998 and 1999				"Castañeda-Vildózola, A., Equihua-Martínez, A., Valdés-Carrasco, J., Barrientos-Priego, A. F., Ish-Am, G., & Gazit, S. (1999). Insectos polinizadores del aguacatero en los estados de México y Michoacán. Revista Chapingo Serie Horticultura, 5, 129-136."	Journal Article	Yes	Rachel Behm	pollen amount measured on individual species
413	LiteratureRecord	https://www.itis.gov/servlet/SingleRpt/SingleRpt?search_topic=TSN&search_value=141007#null	Palpada mexicana	Syrphidae				http://purl.obolibrary.org/obo/RO_0002455		Pollinating	Pollen	http://www.ontobee.org/ontology/PO?iri=http://purl.obolibrary.org/obo/PO_0025281	agricultural	http://www.ontobee.org/ontology/ENVO?iri=http://purl.obolibrary.org/obo/ENVO_01000311		Persea americana	Lauraceae	Avocado	Mexico	Mexico		Cotacepec Harinas		Cotacepec Harinas	Avocado orchard					January to March of 1998 and 1999				"Castañeda-Vildózola, A., Equihua-Martínez, A., Valdés-Carrasco, J., Barrientos-Priego, A. F., Ish-Am, G., & Gazit, S. (1999). Insectos polinizadores del aguacatero en los estados de México y Michoacán. Revista Chapingo Serie Horticultura, 5, 129-136."	Journal Article	Yes	Rachel Behm	pollen amount measured on individual species
414	LiteratureRecord	https://www.itis.gov/servlet/SingleRpt/SingleRpt?search_topic=TSN&search_value=141007#null	Palpada mexicana	Syrphidae				http://purl.obolibrary.org/obo/RO_0002455		Pollinating	Pollen	http://www.ontobee.org/ontology/PO?iri=http://purl.obolibrary.org/obo/PO_0025281	agricultural	http://www.ontobee.org/ontology/ENVO?iri=http://purl.obolibrary.org/obo/ENVO_01000311		Persea americana	Lauraceae	Avocado	Mexico	Michoacan		Ziracuaretiro		Ziracuaretiro	Avocado orchard					January to March of 1998 and 1999				"Castañeda-Vildózola, A., Equihua-Martínez, A., Valdés-Carrasco, J., Barrientos-Priego, A. F., Ish-Am, G., & Gazit, S. (1999). Insectos polinizadores del aguacatero en los estados de México y Michoacán. Revista Chapingo Serie Horticultura, 5, 129-136."	Journal Article	Yes	Rachel Behm	pollen amount measured on individual species
415	LiteratureRecord	https://www.itis.gov/servlet/SingleRpt/SingleRpt?search_topic=TSN&search_value=139838#null	Platycheirus (Carposcalis) stegnus	Syrphidae				http://purl.obolibrary.org/obo/RO_0002455		Pollinating	Pollen	http://www.ontobee.org/ontology/PO?iri=http://purl.obolibrary.org/obo/PO_0025281	agricultural	http://www.ontobee.org/ontology/ENVO?iri=http://purl.obolibrary.org/obo/ENVO_01000311		Persea americana	Lauraceae	Avocado	Mexico	Mexico		Cotacepec Harinas		Cotacepec Harinas	Avocado orchard					January to March of 1998 and 1999				"Castañeda-Vildózola, A., Equihua-Martínez, A., Valdés-Carrasco, J., Barrientos-Priego, A. F., Ish-Am, G., & Gazit, S. (1999). Insectos polinizadores del aguacatero en los estados de México y Michoacán. Revista Chapingo Serie Horticultura, 5, 129-136."	Journal Article	Yes	Rachel Behm	pollen amount measured on individual species
416	LiteratureRecord		Quinchana championi	Syrphidae				http://purl.obolibrary.org/obo/RO_0002455		Pollinating	Pollen	http://www.ontobee.org/ontology/PO?iri=http://purl.obolibrary.org/obo/PO_0025281	agricultural	http://www.ontobee.org/ontology/ENVO?iri=http://purl.obolibrary.org/obo/ENVO_01000311		Persea americana	Lauraceae	Avocado	Mexico	Mexico		Cotacepec Harinas		Cotacepec Harinas	Avocado orchard					January to March of 1998 and 1999				"Castañeda-Vildózola, A., Equihua-Martínez, A., Valdés-Carrasco, J., Barrientos-Priego, A. F., Ish-Am, G., & Gazit, S. (1999). Insectos polinizadores del aguacatero en los estados de México y Michoacán. Revista Chapingo Serie Horticultura, 5, 129-136."	Journal Article	Yes	Rachel Behm	pollen amount measured on individual species
417	LiteratureRecord		Rhysops octomaculatus	Syrphidae				http://purl.obolibrary.org/obo/RO_0002455		Pollinating	Pollen	http://www.ontobee.org/ontology/PO?iri=http://purl.obolibrary.org/obo/PO_0025281	agricultural	http://www.ontobee.org/ontology/ENVO?iri=http://purl.obolibrary.org/obo/ENVO_01000311		Persea americana	Lauraceae	Avocado	Mexico	Mexico		Cotacepec Harinas		Cotacepec Harinas	Avocado orchard					January to March of 1998 and 1999				"Castañeda-Vildózola, A., Equihua-Martínez, A., Valdés-Carrasco, J., Barrientos-Priego, A. F., Ish-Am, G., & Gazit, S. (1999). Insectos polinizadores del aguacatero en los estados de México y Michoacán. Revista Chapingo Serie Horticultura, 5, 129-136."	Journal Article	Yes	Rachel Behm	pollen amount measured on individual species
418	LiteratureRecord		Rhysops	Syrphidae				http://purl.obolibrary.org/obo/RO_0002455		Pollinating	Pollen	http://www.ontobee.org/ontology/PO?iri=http://purl.obolibrary.org/obo/PO_0025281	agricultural	http://www.ontobee.org/ontology/ENVO?iri=http://purl.obolibrary.org/obo/ENVO_01000311		Persea americana	Lauraceae	Avocado	Mexico	Mexico		Cotacepec Harinas		Cotacepec Harinas	Avocado orchard					January to March of 1998 and 1999				"Castañeda-Vildózola, A., Equihua-Martínez, A., Valdés-Carrasco, J., Barrientos-Priego, A. F., Ish-Am, G., & Gazit, S. (1999). Insectos polinizadores del aguacatero en los estados de México y Michoacán. Revista Chapingo Serie Horticultura, 5, 129-136."	Journal Article	Yes	Rachel Behm	pollen amount measured on individual species
419	LiteratureRecord	https://www.itis.gov/servlet/SingleRpt/SingleRpt?search_topic=TSN&search_value=141404#null	Spilomyia crandalli	Syrphidae				http://purl.obolibrary.org/obo/RO_0002455		Pollinating	Pollen	http://www.ontobee.org/ontology/PO?iri=http://purl.obolibrary.org/obo/PO_0025281	agricultural	http://www.ontobee.org/ontology/ENVO?iri=http://purl.obolibrary.org/obo/ENVO_01000311		Persea americana	Lauraceae	Avocado	Mexico	Mexico		Cotacepec Harinas		Cotacepec Harinas	Avocado orchard					January to March of 1998 and 1999				"Castañeda-Vildózola, A., Equihua-Martínez, A., Valdés-Carrasco, J., Barrientos-Priego, A. F., Ish-Am, G., & Gazit, S. (1999). Insectos polinizadores del aguacatero en los estados de México y Michoacán. Revista Chapingo Serie Horticultura, 5, 129-136."	Journal Article	Yes	Rachel Behm	pollen amount measured on individual species
420	LiteratureRecord		Syrphus shorae	Syrphidae				http://purl.obolibrary.org/obo/RO_0002455		Pollinating	Pollen	http://www.ontobee.org/ontology/PO?iri=http://purl.obolibrary.org/obo/PO_0025281	agricultural	http://www.ontobee.org/ontology/ENVO?iri=http://purl.obolibrary.org/obo/ENVO_01000311		Persea americana	Lauraceae	Avocado	Mexico	Mexico		Cotacepec Harinas		Cotacepec Harinas	Avocado orchard					January to March of 1998 and 1999				"Castañeda-Vildózola, A., Equihua-Martínez, A., Valdés-Carrasco, J., Barrientos-Priego, A. F., Ish-Am, G., & Gazit, S. (1999). Insectos polinizadores del aguacatero en los estados de México y Michoacán. Revista Chapingo Serie Horticultura, 5, 129-136."	Journal Article	Yes	Rachel Behm	pollen amount measured on individual species
421	LiteratureRecord		Syrphus shorae	Syrphidae				http://purl.obolibrary.org/obo/RO_0002455		Pollinating	Pollen	http://www.ontobee.org/ontology/PO?iri=http://purl.obolibrary.org/obo/PO_0025281	agricultural	http://www.ontobee.org/ontology/ENVO?iri=http://purl.obolibrary.org/obo/ENVO_01000311		Persea americana	Lauraceae	Avocado	Mexico	Michoacan		Ziracuaretiro		Ziracuaretiro	Avocado orchard					January to March of 1998 and 1999				"Castañeda-Vildózola, A., Equihua-Martínez, A., Valdés-Carrasco, J., Barrientos-Priego, A. F., Ish-Am, G., & Gazit, S. (1999). Insectos polinizadores del aguacatero en los estados de México y Michoacán. Revista Chapingo Serie Horticultura, 5, 129-136."	Journal Article	Yes	Rachel Behm	pollen amount measured on individual species
422	LiteratureRecord		Toxomerus metuum	Syrphidae				http://purl.obolibrary.org/obo/RO_0002455		Pollinating	Pollen	http://www.ontobee.org/ontology/PO?iri=http://purl.obolibrary.org/obo/PO_0025281	agricultural	http://www.ontobee.org/ontology/ENVO?iri=http://purl.obolibrary.org/obo/ENVO_01000311		Persea americana	Lauraceae	Avocado	Mexico	Mexico		Cotacepec Harinas		Cotacepec Harinas	Avocado orchard					January to March of 1998 and 1999				"Castañeda-Vildózola, A., Equihua-Martínez, A., Valdés-Carrasco, J., Barrientos-Priego, A. F., Ish-Am, G., & Gazit, S. (1999). Insectos polinizadores del aguacatero en los estados de México y Michoacán. Revista Chapingo Serie Horticultura, 5, 129-136."	Journal Article	Yes	Rachel Behm	pollen amount measured on individual species
423	LiteratureRecord	https://www.itis.gov/servlet/SingleRpt/SingleRpt?search_topic=TSN&search_value=139858#null	Xanthandrus mexicanus	Syrphidae				http://purl.obolibrary.org/obo/RO_0002455		Pollinating	Pollen	http://www.ontobee.org/ontology/PO?iri=http://purl.obolibrary.org/obo/PO_0025281	agricultural	http://www.ontobee.org/ontology/ENVO?iri=http://purl.obolibrary.org/obo/ENVO_01000311		Persea americana	Lauraceae	Avocado	Mexico	Mexico		Cotacepec Harinas		Cotacepec Harinas	Avocado orchard					January to March of 1998 and 1999				"Castañeda-Vildózola, A., Equihua-Martínez, A., Valdés-Carrasco, J., Barrientos-Priego, A. F., Ish-Am, G., & Gazit, S. (1999). Insectos polinizadores del aguacatero en los estados de México y Michoacán. Revista Chapingo Serie Horticultura, 5, 129-136."	Journal Article	Yes	Rachel Behm	pollen amount measured on individual species
424	LiteratureRecord	https://www.itis.gov/servlet/SingleRpt/SingleRpt?search_topic=TSN&search_value=130521#null	Hoplitimyia mutabilis	Stratiomyidae				http://purl.obolibrary.org/obo/RO_0002455		Pollinating	Pollen	http://www.ontobee.org/ontology/PO?iri=http://purl.obolibrary.org/obo/PO_0025281	agricultural	http://www.ontobee.org/ontology/ENVO?iri=http://purl.obolibrary.org/obo/ENVO_01000311		Persea americana	Lauraceae	Avocado	Mexico	Mexico		Cotacepec Harinas		Cotacepec Harinas	Avocado orchard					January to March of 1998 and 1999				"Castañeda-Vildózola, A., Equihua-Martínez, A., Valdés-Carrasco, J., Barrientos-Priego, A. F., Ish-Am, G., & Gazit, S. (1999). Insectos polinizadores del aguacatero en los estados de México y Michoacán. Revista Chapingo Serie Horticultura, 5, 129-136."	Journal Article	Yes	Rachel Behm	pollen amount measured on individual species
425	LiteratureRecord		Chrysomia megacephala	Calliphoridae				http://purl.obolibrary.org/obo/RO_0002455		Pollinating	Pollen	http://www.ontobee.org/ontology/PO?iri=http://purl.obolibrary.org/obo/PO_0025281	agricultural	http://www.ontobee.org/ontology/ENVO?iri=http://purl.obolibrary.org/obo/ENVO_01000311		Persea americana	Lauraceae	Avocado	Mexico	Mexico		Cotacepec Harinas		Cotacepec Harinas	Avocado orchard					January to March of 1998 and 1999				"Castañeda-Vildózola, A., Equihua-Martínez, A., Valdés-Carrasco, J., Barrientos-Priego, A. F., Ish-Am, G., & Gazit, S. (1999). Insectos polinizadores del aguacatero en los estados de México y Michoacán. Revista Chapingo Serie Horticultura, 5, 129-136."	Journal Article	Yes	Rachel Behm	pollen amount measured on individual species
426	LiteratureRecord		Compsomyiops callipes	Calliphoridae				http://purl.obolibrary.org/obo/RO_0002455		Pollinating	Pollen	http://www.ontobee.org/ontology/PO?iri=http://purl.obolibrary.org/obo/PO_0025281	agricultural	http://www.ontobee.org/ontology/ENVO?iri=http://purl.obolibrary.org/obo/ENVO_01000311		Persea americana	Lauraceae	Avocado	Mexico	Mexico		Cotacepec Harinas		Cotacepec Harinas	Avocado orchard					January to March of 1998 and 1999				"Castañeda-Vildózola, A., Equihua-Martínez, A., Valdés-Carrasco, J., Barrientos-Priego, A. F., Ish-Am, G., & Gazit, S. (1999). Insectos polinizadores del aguacatero en los estados de México y Michoacán. Revista Chapingo Serie Horticultura, 5, 129-136."	Journal Article	Yes	Rachel Behm	pollen amount measured on individual species
427	LiteratureRecord		Hemilcila semidianphana	Calliphoridae				http://purl.obolibrary.org/obo/RO_0002455		Pollinating	Pollen	http://www.ontobee.org/ontology/PO?iri=http://purl.obolibrary.org/obo/PO_0025281	agricultural	http://www.ontobee.org/ontology/ENVO?iri=http://purl.obolibrary.org/obo/ENVO_01000311		Persea americana	Lauraceae	Avocado	Mexico	Mexico		Cotacepec Harinas		Cotacepec Harinas	Avocado orchard					January to March of 1998 and 1999				"Castañeda-Vildózola, A., Equihua-Martínez, A., Valdés-Carrasco, J., Barrientos-Priego, A. F., Ish-Am, G., & Gazit, S. (1999). Insectos polinizadores del aguacatero en los estados de México y Michoacán. Revista Chapingo Serie Horticultura, 5, 129-136."	Journal Article	Yes	Rachel Behm	pollen amount measured on individual species
428	LiteratureRecord		Phaenicia mexicana	Calliphoridae				http://purl.obolibrary.org/obo/RO_0002455		Pollinating	Pollen	http://www.ontobee.org/ontology/PO?iri=http://purl.obolibrary.org/obo/PO_0025281	agricultural	http://www.ontobee.org/ontology/ENVO?iri=http://purl.obolibrary.org/obo/ENVO_01000311		Persea americana	Lauraceae	Avocado	Mexico	Michoacan		Ziracuaretiro		Ziracuaretiro	Avocado orchard					January to March of 1998 and 1999				"Castañeda-Vildózola, A., Equihua-Martínez, A., Valdés-Carrasco, J., Barrientos-Priego, A. F., Ish-Am, G., & Gazit, S. (1999). Insectos polinizadores del aguacatero en los estados de México y Michoacán. Revista Chapingo Serie Horticultura, 5, 129-136."	Journal Article	Yes	Rachel Behm	pollen amount measured on individual species
429	LiteratureRecord	https://www.itis.gov/servlet/SingleRpt/SingleRpt?search_topic=TSN&search_value=151614#null	Phaenicia mexicana	Calliphoridae				http://purl.obolibrary.org/obo/RO_0002455		Pollinating	Pollen	http://www.ontobee.org/ontology/PO?iri=http://purl.obolibrary.org/obo/PO_0025281	agricultural	http://www.ontobee.org/ontology/ENVO?iri=http://purl.obolibrary.org/obo/ENVO_01000311		Persea americana	Lauraceae	Avocado	Mexico	Mexico		Cotacepec Harinas		Cotacepec Harinas	Avocado orchard					January to March of 1998 and 1999				"Castañeda-Vildózola, A., Equihua-Martínez, A., Valdés-Carrasco, J., Barrientos-Priego, A. F., Ish-Am, G., & Gazit, S. (1999). Insectos polinizadores del aguacatero en los estados de México y Michoacán. Revista Chapingo Serie Horticultura, 5, 129-136."	Journal Article	Yes	Rachel Behm	pollen amount measured on individual species
430	LiteratureRecord		Phoenicia purpurescens	Calliphoridae				http://purl.obolibrary.org/obo/RO_0002455		Pollinating	Pollen	http://www.ontobee.org/ontology/PO?iri=http://purl.obolibrary.org/obo/PO_0025281	agricultural	http://www.ontobee.org/ontology/ENVO?iri=http://purl.obolibrary.org/obo/ENVO_01000311		Persea americana	Lauraceae	Avocado	Mexico	Mexico		Cotacepec Harinas		Cotacepec Harinas	Avocado orchard					January to March of 1998 and 1999				"Castañeda-Vildózola, A., Equihua-Martínez, A., Valdés-Carrasco, J., Barrientos-Priego, A. F., Ish-Am, G., & Gazit, S. (1999). Insectos polinizadores del aguacatero en los estados de México y Michoacán. Revista Chapingo Serie Horticultura, 5, 129-136."	Journal Article	Yes	Rachel Behm	pollen amount measured on individual species
431	LiteratureRecord	https://www.itis.gov/servlet/SingleRpt/SingleRpt?search_topic=TSN&search_value=151642#null	Pollenia	Calliphoridae	Cluster flies			http://purl.obolibrary.org/obo/RO_0002455		Pollinating	Pollen	http://www.ontobee.org/ontology/PO?iri=http://purl.obolibrary.org/obo/PO_0025281	agricultural	http://www.ontobee.org/ontology/ENVO?iri=http://purl.obolibrary.org/obo/ENVO_01000311		Persea americana	Lauraceae	Avocado	Mexico	Mexico		Cotacepec Harinas		Cotacepec Harinas	Avocado orchard					January to March of 1998 and 1999				"Castañeda-Vildózola, A., Equihua-Martínez, A., Valdés-Carrasco, J., Barrientos-Priego, A. F., Ish-Am, G., & Gazit, S. (1999). Insectos polinizadores del aguacatero en los estados de México y Michoacán. Revista Chapingo Serie Horticultura, 5, 129-136."	Journal Article	Yes	Rachel Behm	pollen amount measured on individual species
432	LiteratureRecord		Oxysarcodexia trivalis	Sarcophagidae				http://purl.obolibrary.org/obo/RO_0002455		Pollinating	Pollen	http://www.ontobee.org/ontology/PO?iri=http://purl.obolibrary.org/obo/PO_0025281	agricultural	http://www.ontobee.org/ontology/ENVO?iri=http://purl.obolibrary.org/obo/ENVO_01000311		Persea americana	Lauraceae	Avocado	Mexico	Mexico		Cotacepec Harinas		Cotacepec Harinas	Avocado orchard					January to March of 1998 and 1999				"Castañeda-Vildózola, A., Equihua-Martínez, A., Valdés-Carrasco, J., Barrientos-Priego, A. F., Ish-Am, G., & Gazit, S. (1999). Insectos polinizadores del aguacatero en los estados de México y Michoacán. Revista Chapingo Serie Horticultura, 5, 129-136."	Journal Article	Yes	Rachel Behm	pollen amount measured on individual species
433	LiteratureRecord		Oxysarcodexia trivalis	Sarcophagidae				http://purl.obolibrary.org/obo/RO_0002455		Pollinating	Pollen	http://www.ontobee.org/ontology/PO?iri=http://purl.obolibrary.org/obo/PO_0025281	agricultural	http://www.ontobee.org/ontology/ENVO?iri=http://purl.obolibrary.org/obo/ENVO_01000311		Persea americana	Lauraceae	Avocado	Mexico	Michoacan		Ziracuaretiro		Ziracuaretiro	Avocado orchard					January to March of 1998 and 1999				"Castañeda-Vildózola, A., Equihua-Martínez, A., Valdés-Carrasco, J., Barrientos-Priego, A. F., Ish-Am, G., & Gazit, S. (1999). Insectos polinizadores del aguacatero en los estados de México y Michoacán. Revista Chapingo Serie Horticultura, 5, 129-136."	Journal Article	Yes	Rachel Behm	pollen amount measured on individual species
434	LiteratureRecord	https://www.itis.gov/servlet/SingleRpt/SingleRpt?search_topic=TSN&search_value=650728#null	Archytas	Tachinidae				http://purl.obolibrary.org/obo/RO_0002455		Pollinating	Pollen	http://www.ontobee.org/ontology/PO?iri=http://purl.obolibrary.org/obo/PO_0025281	agricultural	http://www.ontobee.org/ontology/ENVO?iri=http://purl.obolibrary.org/obo/ENVO_01000311		Persea americana	Lauraceae	Avocado	Mexico	Mexico		Cotacepec Harinas		Cotacepec Harinas	Avocado orchard					January to March of 1998 and 1999				"Castañeda-Vildózola, A., Equihua-Martínez, A., Valdés-Carrasco, J., Barrientos-Priego, A. F., Ish-Am, G., & Gazit, S. (1999). Insectos polinizadores del aguacatero en los estados de México y Michoacán. Revista Chapingo Serie Horticultura, 5, 129-136."	Journal Article	Yes	Rachel Behm	pollen amount measured on individual species
435	LiteratureRecord		Belsovia	Tachinidae				http://purl.obolibrary.org/obo/RO_0002455		Pollinating	Pollen	http://www.ontobee.org/ontology/PO?iri=http://purl.obolibrary.org/obo/PO_0025281	agricultural	http://www.ontobee.org/ontology/ENVO?iri=http://purl.obolibrary.org/obo/ENVO_01000311		Persea americana	Lauraceae	Avocado	Mexico	Mexico		Cotacepec Harinas		Cotacepec Harinas	Avocado orchard					January to March of 1998 and 1999				"Castañeda-Vildózola, A., Equihua-Martínez, A., Valdés-Carrasco, J., Barrientos-Priego, A. F., Ish-Am, G., & Gazit, S. (1999). Insectos polinizadores del aguacatero en los estados de México y Michoacán. Revista Chapingo Serie Horticultura, 5, 129-136."	Journal Article	Yes	Rachel Behm	pollen amount measured on individual species
436	LiteratureRecord	https://www.itis.gov/servlet/SingleRpt/SingleRpt?search_topic=TSN&search_value=650633#null	Gaediopsis	Tachinidae				http://purl.obolibrary.org/obo/RO_0002455		Pollinating	Pollen	http://www.ontobee.org/ontology/PO?iri=http://purl.obolibrary.org/obo/PO_0025281	agricultural	http://www.ontobee.org/ontology/ENVO?iri=http://purl.obolibrary.org/obo/ENVO_01000311		Persea americana	Lauraceae	Avocado	Mexico	Mexico		Cotacepec Harinas		Cotacepec Harinas	Avocado orchard					January to March of 1998 and 1999				"Castañeda-Vildózola, A., Equihua-Martínez, A., Valdés-Carrasco, J., Barrientos-Priego, A. F., Ish-Am, G., & Gazit, S. (1999). Insectos polinizadores del aguacatero en los estados de México y Michoacán. Revista Chapingo Serie Horticultura, 5, 129-136."	Journal Article	Yes	Rachel Behm	pollen amount measured on individual species
437	LiteratureRecord	https://www.itis.gov/servlet/SingleRpt/SingleRpt?search_topic=TSN&search_value=650719#null	Hystricia	Tachinidae				http://purl.obolibrary.org/obo/RO_0002455		Pollinating	Pollen	http://www.ontobee.org/ontology/PO?iri=http://purl.obolibrary.org/obo/PO_0025281	agricultural	http://www.ontobee.org/ontology/ENVO?iri=http://purl.obolibrary.org/obo/ENVO_01000311		Persea americana	Lauraceae	Avocado	Mexico	Mexico		Cotacepec Harinas		Cotacepec Harinas	Avocado orchard					January to March of 1998 and 1999				"Castañeda-Vildózola, A., Equihua-Martínez, A., Valdés-Carrasco, J., Barrientos-Priego, A. F., Ish-Am, G., & Gazit, S. (1999). Insectos polinizadores del aguacatero en los estados de México y Michoacán. Revista Chapingo Serie Horticultura, 5, 129-136."	Journal Article	Yes	Rachel Behm	pollen amount measured on individual species
438	LiteratureRecord	https://www.itis.gov/servlet/SingleRpt/SingleRpt?search_topic=TSN&search_value=650729#null	Jurinella	Tachinidae				http://purl.obolibrary.org/obo/RO_0002455		Pollinating	Pollen	http://www.ontobee.org/ontology/PO?iri=http://purl.obolibrary.org/obo/PO_0025281	agricultural	http://www.ontobee.org/ontology/ENVO?iri=http://purl.obolibrary.org/obo/ENVO_01000311		Persea americana	Lauraceae	Avocado	Mexico	Mexico		Cotacepec Harinas		Cotacepec Harinas	Avocado orchard					January to March of 1998 and 1999				"Castañeda-Vildózola, A., Equihua-Martínez, A., Valdés-Carrasco, J., Barrientos-Priego, A. F., Ish-Am, G., & Gazit, S. (1999). Insectos polinizadores del aguacatero en los estados de México y Michoacán. Revista Chapingo Serie Horticultura, 5, 129-136."	Journal Article	Yes	Rachel Behm	pollen amount measured on individual species
439	LiteratureRecord		Jurinella ambigua	Tachinidae				http://purl.obolibrary.org/obo/RO_0002455		Pollinating	Pollen	http://www.ontobee.org/ontology/PO?iri=http://purl.obolibrary.org/obo/PO_0025281	agricultural	http://www.ontobee.org/ontology/ENVO?iri=http://purl.obolibrary.org/obo/ENVO_01000311		Persea americana	Lauraceae	Avocado	Mexico	Mexico		Cotacepec Harinas		Cotacepec Harinas	Avocado orchard					January to March of 1998 and 1999				"Castañeda-Vildózola, A., Equihua-Martínez, A., Valdés-Carrasco, J., Barrientos-Priego, A. F., Ish-Am, G., & Gazit, S. (1999). Insectos polinizadores del aguacatero en los estados de México y Michoacán. Revista Chapingo Serie Horticultura, 5, 129-136."	Journal Article	Yes	Rachel Behm	pollen amount measured on individual species
440	LiteratureRecord	https://www.itis.gov/servlet/SingleRpt/SingleRpt?search_topic=TSN&search_value=650628#null	Leschenaultia	Tachinidae				http://purl.obolibrary.org/obo/RO_0002455		Pollinating	Pollen	http://www.ontobee.org/ontology/PO?iri=http://purl.obolibrary.org/obo/PO_0025281	agricultural	http://www.ontobee.org/ontology/ENVO?iri=http://purl.obolibrary.org/obo/ENVO_01000311		Persea americana	Lauraceae	Avocado	Mexico	Mexico		Cotacepec Harinas		Cotacepec Harinas	Avocado orchard					January to March of 1998 and 1999				"Castañeda-Vildózola, A., Equihua-Martínez, A., Valdés-Carrasco, J., Barrientos-Priego, A. F., Ish-Am, G., & Gazit, S. (1999). Insectos polinizadores del aguacatero en los estados de México y Michoacán. Revista Chapingo Serie Horticultura, 5, 129-136."	Journal Article	Yes	Rachel Behm	pollen amount measured on individual species
441	LiteratureRecord		Linnaemyia	Tachinidae				http://purl.obolibrary.org/obo/RO_0002455		Pollinating	Pollen	http://www.ontobee.org/ontology/PO?iri=http://purl.obolibrary.org/obo/PO_0025281	agricultural	http://www.ontobee.org/ontology/ENVO?iri=http://purl.obolibrary.org/obo/ENVO_01000311		Persea americana	Lauraceae	Avocado	Mexico	Mexico		Cotacepec Harinas		Cotacepec Harinas	Avocado orchard					January to March of 1998 and 1999				"Castañeda-Vildózola, A., Equihua-Martínez, A., Valdés-Carrasco, J., Barrientos-Priego, A. F., Ish-Am, G., & Gazit, S. (1999). Insectos polinizadores del aguacatero en los estados de México y Michoacán. Revista Chapingo Serie Horticultura, 5, 129-136."	Journal Article	Yes	Rachel Behm	pollen amount measured on individual species
442	LiteratureRecord	https://www.itis.gov/servlet/SingleRpt/SingleRpt?search_topic=TSN&search_value=650734#null	Protodejeania	Tachinidae				http://purl.obolibrary.org/obo/RO_0002455		Pollinating	Pollen	http://www.ontobee.org/ontology/PO?iri=http://purl.obolibrary.org/obo/PO_0025281	agricultural	http://www.ontobee.org/ontology/ENVO?iri=http://purl.obolibrary.org/obo/ENVO_01000311		Persea americana	Lauraceae	Avocado	Mexico	Mexico		Cotacepec Harinas		Cotacepec Harinas	Avocado orchard					January to March of 1998 and 1999				"Castañeda-Vildózola, A., Equihua-Martínez, A., Valdés-Carrasco, J., Barrientos-Priego, A. F., Ish-Am, G., & Gazit, S. (1999). Insectos polinizadores del aguacatero en los estados de México y Michoacán. Revista Chapingo Serie Horticultura, 5, 129-136."	Journal Article	Yes	Rachel Behm	pollen amount measured on individual species
443	LiteratureRecord	https://www.itis.gov/servlet/SingleRpt/SingleRpt?search_topic=TSN&search_value=650644#null	Ptilodexia	Tachinidae				http://purl.obolibrary.org/obo/RO_0002455		Pollinating	Pollen	http://www.ontobee.org/ontology/PO?iri=http://purl.obolibrary.org/obo/PO_0025281	agricultural	http://www.ontobee.org/ontology/ENVO?iri=http://purl.obolibrary.org/obo/ENVO_01000311		Persea americana	Lauraceae	Avocado	Mexico	Mexico		Cotacepec Harinas		Cotacepec Harinas	Avocado orchard					January to March of 1998 and 1999				"Castañeda-Vildózola, A., Equihua-Martínez, A., Valdés-Carrasco, J., Barrientos-Priego, A. F., Ish-Am, G., & Gazit, S. (1999). Insectos polinizadores del aguacatero en los estados de México y Michoacán. Revista Chapingo Serie Horticultura, 5, 129-136."	Journal Article	Yes	Rachel Behm	pollen amount measured on individual species
444	LiteratureRecord	https://www.itis.gov/servlet/SingleRpt/SingleRpt?search_topic=TSN&search_value=650655#null	Winthemia	Tachinidae				http://purl.obolibrary.org/obo/RO_0002455		Pollinating	Pollen	http://www.ontobee.org/ontology/PO?iri=http://purl.obolibrary.org/obo/PO_0025281	agricultural	http://www.ontobee.org/ontology/ENVO?iri=http://purl.obolibrary.org/obo/ENVO_01000311		Persea americana	Lauraceae	Avocado	Mexico	Mexico		Cotacepec Harinas		Cotacepec Harinas	Avocado orchard					January to March of 1998 and 1999				"Castañeda-Vildózola, A., Equihua-Martínez, A., Valdés-Carrasco, J., Barrientos-Priego, A. F., Ish-Am, G., & Gazit, S. (1999). Insectos polinizadores del aguacatero en los estados de México y Michoacán. Revista Chapingo Serie Horticultura, 5, 129-136."	Journal Article	Yes	Rachel Behm	pollen amount measured on individual species
445	LiteratureRecord		Pepsis	Pompilidae	Tarantula hawks			http://purl.obolibrary.org/obo/RO_0002455		Pollinating	Pollen	http://www.ontobee.org/ontology/PO?iri=http://purl.obolibrary.org/obo/PO_0025281	agricultural	http://www.ontobee.org/ontology/ENVO?iri=http://purl.obolibrary.org/obo/ENVO_01000311		Persea americana	Lauraceae	Avocado	Mexico	Mexico		Cotacepec Harinas		Cotacepec Harinas	Avocado orchard					January to March of 1998 and 1999				"Castañeda-Vildózola, A., Equihua-Martínez, A., Valdés-Carrasco, J., Barrientos-Priego, A. F., Ish-Am, G., & Gazit, S. (1999). Insectos polinizadores del aguacatero en los estados de México y Michoacán. Revista Chapingo Serie Horticultura, 5, 129-136."	Journal Article	Yes	Rachel Behm	pollen amount measured on individual species
446	LiteratureRecord	https://www.itis.gov/servlet/SingleRpt/SingleRpt?search_topic=TSN&search_value=154190#null	Scolia	Scoliidae				http://purl.obolibrary.org/obo/RO_0002455		Pollinating	Pollen	http://www.ontobee.org/ontology/PO?iri=http://purl.obolibrary.org/obo/PO_0025281	agricultural	http://www.ontobee.org/ontology/ENVO?iri=http://purl.obolibrary.org/obo/ENVO_01000311		Persea americana	Lauraceae	Avocado	Mexico	Mexico		Cotacepec Harinas		Cotacepec Harinas	Avocado orchard					January to March of 1998 and 1999				"Castañeda-Vildózola, A., Equihua-Martínez, A., Valdés-Carrasco, J., Barrientos-Priego, A. F., Ish-Am, G., & Gazit, S. (1999). Insectos polinizadores del aguacatero en los estados de México y Michoacán. Revista Chapingo Serie Horticultura, 5, 129-136."	Journal Article	Yes	Rachel Behm	pollen amount measured on individual species
447	LiteratureRecord		Myzinum	Tiphiidae				http://purl.obolibrary.org/obo/RO_0002455		Pollinating	Pollen	http://www.ontobee.org/ontology/PO?iri=http://purl.obolibrary.org/obo/PO_0025281	agricultural	http://www.ontobee.org/ontology/ENVO?iri=http://purl.obolibrary.org/obo/ENVO_01000311		Persea americana	Lauraceae	Avocado	Mexico	Mexico		Cotacepec Harinas		Cotacepec Harinas	Avocado orchard					January to March of 1998 and 1999				"Castañeda-Vildózola, A., Equihua-Martínez, A., Valdés-Carrasco, J., Barrientos-Priego, A. F., Ish-Am, G., & Gazit, S. (1999). Insectos polinizadores del aguacatero en los estados de México y Michoacán. Revista Chapingo Serie Horticultura, 5, 129-136."	Journal Article	Yes	Rachel Behm	pollen amount measured on individual species
448	LiteratureRecord	https://www.itis.gov/servlet/SingleRpt/SingleRpt?search_topic=TSN&search_value=154176#null	Tiphia	Tiphiidae				http://purl.obolibrary.org/obo/RO_0002455		Pollinating	Pollen	http://www.ontobee.org/ontology/PO?iri=http://purl.obolibrary.org/obo/PO_0025281	agricultural	http://www.ontobee.org/ontology/ENVO?iri=http://purl.obolibrary.org/obo/ENVO_01000311		Persea americana	Lauraceae	Avocado	Mexico	Mexico		Cotacepec Harinas		Cotacepec Harinas	Avocado orchard					January to March of 1998 and 1999				"Castañeda-Vildózola, A., Equihua-Martínez, A., Valdés-Carrasco, J., Barrientos-Priego, A. F., Ish-Am, G., & Gazit, S. (1999). Insectos polinizadores del aguacatero en los estados de México y Michoacán. Revista Chapingo Serie Horticultura, 5, 129-136."	Journal Article	Yes	Rachel Behm	pollen amount measured on individual species
449	LiteratureRecord	https://www.itis.gov/servlet/SingleRpt/SingleRpt?search_topic=TSN&search_value=154176#null	Tiphia	Tiphiidae				http://purl.obolibrary.org/obo/RO_0002455		Pollinating	Pollen	http://www.ontobee.org/ontology/PO?iri=http://purl.obolibrary.org/obo/PO_0025281	agricultural	http://www.ontobee.org/ontology/ENVO?iri=http://purl.obolibrary.org/obo/ENVO_01000311		Persea americana	Lauraceae	Avocado	Mexico	Michoacan		Ziracuaretiro		Ziracuaretiro	Avocado orchard					January to March of 1998 and 1999				"Castañeda-Vildózola, A., Equihua-Martínez, A., Valdés-Carrasco, J., Barrientos-Priego, A. F., Ish-Am, G., & Gazit, S. (1999). Insectos polinizadores del aguacatero en los estados de México y Michoacán. Revista Chapingo Serie Horticultura, 5, 129-136."	Journal Article	Yes	Rachel Behm	pollen amount measured on individual species
450	LiteratureRecord		Brachygastra mellifica	Vespidae				http://purl.obolibrary.org/obo/RO_0002455		Pollinating	Pollen	http://www.ontobee.org/ontology/PO?iri=http://purl.obolibrary.org/obo/PO_0025281	agricultural	http://www.ontobee.org/ontology/ENVO?iri=http://purl.obolibrary.org/obo/ENVO_01000311		Persea americana	Lauraceae	Avocado	Mexico	Mexico		Cotacepec Harinas		Cotacepec Harinas	Avocado orchard					January to March of 1998 and 1999				"Castañeda-Vildózola, A., Equihua-Martínez, A., Valdés-Carrasco, J., Barrientos-Priego, A. F., Ish-Am, G., & Gazit, S. (1999). Insectos polinizadores del aguacatero en los estados de México y Michoacán. Revista Chapingo Serie Horticultura, 5, 129-136."	Journal Article	Yes	Rachel Behm	pollen amount measured on individual species
451	LiteratureRecord		Brachygastra mellifica	Vespidae				http://purl.obolibrary.org/obo/RO_0002455		Pollinating	Pollen	http://www.ontobee.org/ontology/PO?iri=http://purl.obolibrary.org/obo/PO_0025281	agricultural	http://www.ontobee.org/ontology/ENVO?iri=http://purl.obolibrary.org/obo/ENVO_01000311		Persea americana	Lauraceae	Avocado	Mexico	Michoacan		Ziracuaretiro		Ziracuaretiro	Avocado orchard					January to March of 1998 and 1999				"Castañeda-Vildózola, A., Equihua-Martínez, A., Valdés-Carrasco, J., Barrientos-Priego, A. F., Ish-Am, G., & Gazit, S. (1999). Insectos polinizadores del aguacatero en los estados de México y Michoacán. Revista Chapingo Serie Horticultura, 5, 129-136."	Journal Article	Yes	Rachel Behm	pollen amount measured on individual species
452	LiteratureRecord		Mischocyttarus mexicanus	Vespidae				http://purl.obolibrary.org/obo/RO_0002455		Pollinating	Pollen	http://www.ontobee.org/ontology/PO?iri=http://purl.obolibrary.org/obo/PO_0025281	agricultural	http://www.ontobee.org/ontology/ENVO?iri=http://purl.obolibrary.org/obo/ENVO_01000311		Persea americana	Lauraceae	Avocado	Mexico	Mexico		Cotacepec Harinas		Cotacepec Harinas	Avocado orchard					January to March of 1998 and 1999				"Castañeda-Vildózola, A., Equihua-Martínez, A., Valdés-Carrasco, J., Barrientos-Priego, A. F., Ish-Am, G., & Gazit, S. (1999). Insectos polinizadores del aguacatero en los estados de México y Michoacán. Revista Chapingo Serie Horticultura, 5, 129-136."	Journal Article	Yes	Rachel Behm	pollen amount measured on individual species
453	LiteratureRecord		Mischocyttarus mexicanus	Vespidae				http://purl.obolibrary.org/obo/RO_0002455		Pollinating	Pollen	http://www.ontobee.org/ontology/PO?iri=http://purl.obolibrary.org/obo/PO_0025281	agricultural	http://www.ontobee.org/ontology/ENVO?iri=http://purl.obolibrary.org/obo/ENVO_01000311		Persea americana	Lauraceae	Avocado	Mexico	Michoacan		Ziracuaretiro		Ziracuaretiro	Avocado orchard					January to March of 1998 and 1999				"Castañeda-Vildózola, A., Equihua-Martínez, A., Valdés-Carrasco, J., Barrientos-Priego, A. F., Ish-Am, G., & Gazit, S. (1999). Insectos polinizadores del aguacatero en los estados de México y Michoacán. Revista Chapingo Serie Horticultura, 5, 129-136."	Journal Article	Yes	Rachel Behm	pollen amount measured on individual species
454	LiteratureRecord		Mischocyttarus pallidipectus	Vespidae				http://purl.obolibrary.org/obo/RO_0002455		Pollinating	Pollen	http://www.ontobee.org/ontology/PO?iri=http://purl.obolibrary.org/obo/PO_0025281	agricultural	http://www.ontobee.org/ontology/ENVO?iri=http://purl.obolibrary.org/obo/ENVO_01000311		Persea americana	Lauraceae	Avocado	Mexico	Mexico		Cotacepec Harinas		Cotacepec Harinas	Avocado orchard					January to March of 1998 and 1999				"Castañeda-Vildózola, A., Equihua-Martínez, A., Valdés-Carrasco, J., Barrientos-Priego, A. F., Ish-Am, G., & Gazit, S. (1999). Insectos polinizadores del aguacatero en los estados de México y Michoacán. Revista Chapingo Serie Horticultura, 5, 129-136."	Journal Article	Yes	Rachel Behm	pollen amount measured on individual species
455	LiteratureRecord		Polistes carnifex	Vespidae				http://purl.obolibrary.org/obo/RO_0002455		Pollinating	Pollen	http://www.ontobee.org/ontology/PO?iri=http://purl.obolibrary.org/obo/PO_0025281	agricultural	http://www.ontobee.org/ontology/ENVO?iri=http://purl.obolibrary.org/obo/ENVO_01000311		Persea americana	Lauraceae	Avocado	Mexico	Mexico		Cotacepec Harinas		Cotacepec Harinas	Avocado orchard					January to March of 1998 and 1999				"Castañeda-Vildózola, A., Equihua-Martínez, A., Valdés-Carrasco, J., Barrientos-Priego, A. F., Ish-Am, G., & Gazit, S. (1999). Insectos polinizadores del aguacatero en los estados de México y Michoacán. Revista Chapingo Serie Horticultura, 5, 129-136."	Journal Article	Yes	Rachel Behm	pollen amount measured on individual species
456	LiteratureRecord		Polistes dorsalis	Vespidae				http://purl.obolibrary.org/obo/RO_0002455		Pollinating	Pollen	http://www.ontobee.org/ontology/PO?iri=http://purl.obolibrary.org/obo/PO_0025281	agricultural	http://www.ontobee.org/ontology/ENVO?iri=http://purl.obolibrary.org/obo/ENVO_01000311		Persea americana	Lauraceae	Avocado	Mexico	Mexico		Cotacepec Harinas		Cotacepec Harinas	Avocado orchard					January to March of 1998 and 1999				"Castañeda-Vildózola, A., Equihua-Martínez, A., Valdés-Carrasco, J., Barrientos-Priego, A. F., Ish-Am, G., & Gazit, S. (1999). Insectos polinizadores del aguacatero en los estados de México y Michoacán. Revista Chapingo Serie Horticultura, 5, 129-136."	Journal Article	Yes	Rachel Behm	pollen amount measured on individual species
457	LiteratureRecord		Polistes instabilis	Vespidae				http://purl.obolibrary.org/obo/RO_0002455		Pollinating	Pollen	http://www.ontobee.org/ontology/PO?iri=http://purl.obolibrary.org/obo/PO_0025281	agricultural	http://www.ontobee.org/ontology/ENVO?iri=http://purl.obolibrary.org/obo/ENVO_01000311		Persea americana	Lauraceae	Avocado	Mexico	Mexico		Cotacepec Harinas		Cotacepec Harinas	Avocado orchard					January to March of 1998 and 1999				"Castañeda-Vildózola, A., Equihua-Martínez, A., Valdés-Carrasco, J., Barrientos-Priego, A. F., Ish-Am, G., & Gazit, S. (1999). Insectos polinizadores del aguacatero en los estados de México y Michoacán. Revista Chapingo Serie Horticultura, 5, 129-136."	Journal Article	Yes	Rachel Behm	pollen amount measured on individual species
458	LiteratureRecord		Polistes major	Vespidae				http://purl.obolibrary.org/obo/RO_0002455		Pollinating	Pollen	http://www.ontobee.org/ontology/PO?iri=http://purl.obolibrary.org/obo/PO_0025281	agricultural	http://www.ontobee.org/ontology/ENVO?iri=http://purl.obolibrary.org/obo/ENVO_01000311		Persea americana	Lauraceae	Avocado	Mexico	Mexico		Cotacepec Harinas		Cotacepec Harinas	Avocado orchard					January to March of 1998 and 1999				"Castañeda-Vildózola, A., Equihua-Martínez, A., Valdés-Carrasco, J., Barrientos-Priego, A. F., Ish-Am, G., & Gazit, S. (1999). Insectos polinizadores del aguacatero en los estados de México y Michoacán. Revista Chapingo Serie Horticultura, 5, 129-136."	Journal Article	Yes	Rachel Behm	pollen amount measured on individual species
459	LiteratureRecord		Polistes major	Vespidae				http://purl.obolibrary.org/obo/RO_0002455		Pollinating	Pollen	http://www.ontobee.org/ontology/PO?iri=http://purl.obolibrary.org/obo/PO_0025281	agricultural	http://www.ontobee.org/ontology/ENVO?iri=http://purl.obolibrary.org/obo/ENVO_01000311		Persea americana	Lauraceae	Avocado	Mexico	Michoacan		Ziracuaretiro		Ziracuaretiro	Avocado orchard					January to March of 1998 and 1999				"Castañeda-Vildózola, A., Equihua-Martínez, A., Valdés-Carrasco, J., Barrientos-Priego, A. F., Ish-Am, G., & Gazit, S. (1999). Insectos polinizadores del aguacatero en los estados de México y Michoacán. Revista Chapingo Serie Horticultura, 5, 129-136."	Journal Article	Yes	Rachel Behm	pollen amount measured on individual species
460	LiteratureRecord		Polistes mexicanus	Vespidae				http://purl.obolibrary.org/obo/RO_0002455		Pollinating	Pollen	http://www.ontobee.org/ontology/PO?iri=http://purl.obolibrary.org/obo/PO_0025281	agricultural	http://www.ontobee.org/ontology/ENVO?iri=http://purl.obolibrary.org/obo/ENVO_01000311		Persea americana	Lauraceae	Avocado	Mexico	Mexico		Cotacepec Harinas		Cotacepec Harinas	Avocado orchard					January to March of 1998 and 1999				"Castañeda-Vildózola, A., Equihua-Martínez, A., Valdés-Carrasco, J., Barrientos-Priego, A. F., Ish-Am, G., & Gazit, S. (1999). Insectos polinizadores del aguacatero en los estados de México y Michoacán. Revista Chapingo Serie Horticultura, 5, 129-136."	Journal Article	Yes	Rachel Behm	pollen amount measured on individual species
461	LiteratureRecord		Polistes oculatus	Vespidae				http://purl.obolibrary.org/obo/RO_0002455		Pollinating	Pollen	http://www.ontobee.org/ontology/PO?iri=http://purl.obolibrary.org/obo/PO_0025281	agricultural	http://www.ontobee.org/ontology/ENVO?iri=http://purl.obolibrary.org/obo/ENVO_01000311		Persea americana	Lauraceae	Avocado	Mexico	Mexico		Cotacepec Harinas		Cotacepec Harinas	Avocado orchard					January to March of 1998 and 1999				"Castañeda-Vildózola, A., Equihua-Martínez, A., Valdés-Carrasco, J., Barrientos-Priego, A. F., Ish-Am, G., & Gazit, S. (1999). Insectos polinizadores del aguacatero en los estados de México y Michoacán. Revista Chapingo Serie Horticultura, 5, 129-136."	Journal Article	Yes	Rachel Behm	pollen amount measured on individual species
462	LiteratureRecord		Polistes pacificus	Vespidae				http://purl.obolibrary.org/obo/RO_0002455		Pollinating	Pollen	http://www.ontobee.org/ontology/PO?iri=http://purl.obolibrary.org/obo/PO_0025281	agricultural	http://www.ontobee.org/ontology/ENVO?iri=http://purl.obolibrary.org/obo/ENVO_01000311		Persea americana	Lauraceae	Avocado	Mexico	Mexico		Cotacepec Harinas		Cotacepec Harinas	Avocado orchard					January to March of 1998 and 1999				"Castañeda-Vildózola, A., Equihua-Martínez, A., Valdés-Carrasco, J., Barrientos-Priego, A. F., Ish-Am, G., & Gazit, S. (1999). Insectos polinizadores del aguacatero en los estados de México y Michoacán. Revista Chapingo Serie Horticultura, 5, 129-136."	Journal Article	Yes	Rachel Behm	pollen amount measured on individual species
463	LiteratureRecord		Polybia diguentana	Vespidae				http://purl.obolibrary.org/obo/RO_0002455		Pollinating	Pollen	http://www.ontobee.org/ontology/PO?iri=http://purl.obolibrary.org/obo/PO_0025281	agricultural	http://www.ontobee.org/ontology/ENVO?iri=http://purl.obolibrary.org/obo/ENVO_01000311		Persea americana	Lauraceae	Avocado	Mexico	Mexico		Cotacepec Harinas		Cotacepec Harinas	Avocado orchard					January to March of 1998 and 1999				"Castañeda-Vildózola, A., Equihua-Martínez, A., Valdés-Carrasco, J., Barrientos-Priego, A. F., Ish-Am, G., & Gazit, S. (1999). Insectos polinizadores del aguacatero en los estados de México y Michoacán. Revista Chapingo Serie Horticultura, 5, 129-136."	Journal Article	Yes	Rachel Behm	pollen amount measured on individual species
464	LiteratureRecord		Synoeca septentrionalis	Vespidae				http://purl.obolibrary.org/obo/RO_0002455		Pollinating	Pollen	http://www.ontobee.org/ontology/PO?iri=http://purl.obolibrary.org/obo/PO_0025281	agricultural	http://www.ontobee.org/ontology/ENVO?iri=http://purl.obolibrary.org/obo/ENVO_01000311		Persea americana	Lauraceae	Avocado	Mexico	Mexico		Cotacepec Harinas		Cotacepec Harinas	Avocado orchard					January to March of 1998 and 1999				"Castañeda-Vildózola, A., Equihua-Martínez, A., Valdés-Carrasco, J., Barrientos-Priego, A. F., Ish-Am, G., & Gazit, S. (1999). Insectos polinizadores del aguacatero en los estados de México y Michoacán. Revista Chapingo Serie Horticultura, 5, 129-136."	Journal Article	Yes	Rachel Behm	pollen amount measured on individual species
465	LiteratureRecord		Vespula squamosa	Vespidae	Southern Yellowjacket			http://purl.obolibrary.org/obo/RO_0002455		Pollinating	Pollen	http://www.ontobee.org/ontology/PO?iri=http://purl.obolibrary.org/obo/PO_0025281	agricultural	http://www.ontobee.org/ontology/ENVO?iri=http://purl.obolibrary.org/obo/ENVO_01000311		Persea americana	Lauraceae	Avocado	Mexico	Mexico		Cotacepec Harinas		Cotacepec Harinas	Avocado orchard					January to March of 1998 and 1999				"Castañeda-Vildózola, A., Equihua-Martínez, A., Valdés-Carrasco, J., Barrientos-Priego, A. F., Ish-Am, G., & Gazit, S. (1999). Insectos polinizadores del aguacatero en los estados de México y Michoacán. Revista Chapingo Serie Horticultura, 5, 129-136."	Journal Article	Yes	Rachel Behm	pollen amount measured on individual species