interactionID	basisOfRecord	sourceTaxonId	sourceTaxonName	sourceFamilyName	sourceCommonName	sourceSexName	sourceSexID	interactionTypeId	isNegated	interactionTypeName	targetBodyPartName	targetBodyPartId	experimentalConditionName	experimentalConditionId	targetTaxonId	targetTaxonName	targetFamilyName	targetCommonName	country	stateProvince	county	verbatimLocality	localityId	locality	decimalLatitude	decimalLongitude	minimumElevationInMeters	maximumElevationInMeters	verbatimEventDate	eventDate	eventTime	referenceDoi	referenceCitation	referenceType	primarySource	enteredBy	notes
	LiteratureRecord		Megachile sculpturalis	Megachilidae	giant resin bee	male				eviction	nest		in nature			Xylocopa varipuncta	Apidae	eastern carpenter bee	United States	Virginia	Clarke	"Blandy Experimental Farm (Boyce, Virginia, USA)"		Boyce; Blandy Experimental Farm	39.063811	-78.065325	182	182	July 25 2012	7/25/2012	afternoon	https://doi.org/10.2317/0022-8567-85.4.387	"Roulston, T.H., & Malfi, R.L. (2012). Aggressive Eviction of the Eastern Carpenter Bee (Xylocopa virginica (Linnaeus)) from its Nest by the Giant Resin Bee (Megachile sculpturalis Smith)."	journal article	TRUE	Elaine Tan	"male observed with signs of attack by source specimen, no direct interaction observed"
	LiteratureRecord		Megachile sculpturalis	Megachilidae	giant resin bee	female				eviction	nest		in nature			Xylocopa varipuncta	Apidae	eastern carpenter bee	United States	Virginia	Clarke	"Blandy Experimental Farm (Boyce, Virginia, USA)"		Boyce; Blandy Experimental Farm	39.063811	-78.065325	182	182	July 25 2012	7/25/2012	afternoon	https://doi.org/10.2317/0022-8567-85.4.387	"Roulston, T.H., & Malfi, R.L. (2012). Aggressive Eviction of the Eastern Carpenter Bee (Xylocopa virginica (Linnaeus)) from its Nest by the Giant Resin Bee (Megachile sculpturalis Smith)."	journal article	TRUE	Elaine Tan	Observation
	LiteratureRecord		Apis mellifera	Apidae	European honeybee					floral visit	flower		in nature			Raphanus sativus	Brassicaceae	wild radish	United States	California	Santa Barbara	Santa Cruz Island		Santa Cruz Island					1994-1998				"Thorp, R.W., A.M. Wenner, and J.F. Barthell. 2000. Pollen and nectar resource overlap among bees on Santa Cruz Island. Pages 261– 268. In: D.R. Browne, K.L. Mitchell, and H.W. Chaney (eds.), Fifth California Islands Symposium. MBC Applied Environmental Sciences, Costa Mesa, CA."	symposium paper	TRUE	Elaine Tan	
	LiteratureRecord		Andrena prunorum	Andrenidae						floral visit	flower		in nature			Raphanus sativus	Brassicaceae	wild radish	United States	California	Santa Barbara	Santa Cruz Island		Santa Cruz Island					1994-1998				"Thorp, R.W., A.M. Wenner, and J.F. Barthell. 2000. Pollen and nectar resource overlap among bees on Santa Cruz Island. Pages 261– 268. In: D.R. Browne, K.L. Mitchell, and H.W. Chaney (eds.), Fifth California Islands Symposium. MBC Applied Environmental Sciences, Costa Mesa, CA."	symposium paper	TRUE	Elaine Tan	
	LiteratureRecord		Agapostemon texanus	Halictidae	ultra-green sweat bee					floral visit	flower		in nature			Raphanus sativus	Brassicaceae	wild radish	United States	California	Santa Barbara	Santa Cruz Island		Santa Cruz Island					1994-1998				"Thorp, R.W., A.M. Wenner, and J.F. Barthell. 2000. Pollen and nectar resource overlap among bees on Santa Cruz Island. Pages 261– 268. In: D.R. Browne, K.L. Mitchell, and H.W. Chaney (eds.), Fifth California Islands Symposium. MBC Applied Environmental Sciences, Costa Mesa, CA."	symposium paper	TRUE	Elaine Tan	
	LiteratureRecord		Anthophora edwardsii	Apidae	Edwards's digger bee					floral visit	flower		in nature			Raphanus sativus	Brassicaceae	wild radish	United States	California	Santa Barbara	Santa Cruz Island		Santa Cruz Island					1994-1998				"Thorp, R.W., A.M. Wenner, and J.F. Barthell. 2000. Pollen and nectar resource overlap among bees on Santa Cruz Island. Pages 261– 268. In: D.R. Browne, K.L. Mitchell, and H.W. Chaney (eds.), Fifth California Islands Symposium. MBC Applied Environmental Sciences, Costa Mesa, CA."	symposium paper	TRUE	Elaine Tan	
	LiteratureRecord		Augochlorella pomoniella	Halictidae	peridot green-sweat bee					floral visit	flower		in nature			Raphanus sativus	Brassicaceae	wild radish	United States	California	Santa Barbara	Santa Cruz Island		Santa Cruz Island					1994-1998				"Thorp, R.W., A.M. Wenner, and J.F. Barthell. 2000. Pollen and nectar resource overlap among bees on Santa Cruz Island. Pages 261– 268. In: D.R. Browne, K.L. Mitchell, and H.W. Chaney (eds.), Fifth California Islands Symposium. MBC Applied Environmental Sciences, Costa Mesa, CA."	symposium paper	TRUE	Elaine Tan	
	LiteratureRecord		Bombus edwardsii	Apidae	black-tailed bumblebee					floral visit	flower		in nature			Raphanus sativus	Brassicaceae	wild radish	United States	California	Santa Barbara	Santa Cruz Island		Santa Cruz Island					1994-1998				"Thorp, R.W., A.M. Wenner, and J.F. Barthell. 2000. Pollen and nectar resource overlap among bees on Santa Cruz Island. Pages 261– 268. In: D.R. Browne, K.L. Mitchell, and H.W. Chaney (eds.), Fifth California Islands Symposium. MBC Applied Environmental Sciences, Costa Mesa, CA."	symposium paper	TRUE	Elaine Tan	
	LiteratureRecord		Ceratina acantha	Apidae	prickly ceratina bee					floral visit	flower		in nature			Raphanus sativus	Brassicaceae	wild radish	United States	California	Santa Barbara	Santa Cruz Island		Santa Cruz Island					1994-1998				"Thorp, R.W., A.M. Wenner, and J.F. Barthell. 2000. Pollen and nectar resource overlap among bees on Santa Cruz Island. Pages 261– 268. In: D.R. Browne, K.L. Mitchell, and H.W. Chaney (eds.), Fifth California Islands Symposium. MBC Applied Environmental Sciences, Costa Mesa, CA."	symposium paper	TRUE	Elaine Tan	
	LiteratureRecord		Lasioglossum (Dialictus)	Halictidae						floral visit	flower		in nature			Raphanus sativus	Brassicaceae	wild radish	United States	California	Santa Barbara	Santa Cruz Island		Santa Cruz Island					1994-1998				"Thorp, R.W., A.M. Wenner, and J.F. Barthell. 2000. Pollen and nectar resource overlap among bees on Santa Cruz Island. Pages 261– 268. In: D.R. Browne, K.L. Mitchell, and H.W. Chaney (eds.), Fifth California Islands Symposium. MBC Applied Environmental Sciences, Costa Mesa, CA."	symposium paper	TRUE	Elaine Tan	
	LiteratureRecord		Lasioglossum (Evylaeus)	Halictidae						floral visit	flower		in nature			Raphanus sativus	Brassicaceae	wild radish	United States	California	Santa Barbara	Santa Cruz Island		Santa Cruz Island					1994-1998				"Thorp, R.W., A.M. Wenner, and J.F. Barthell. 2000. Pollen and nectar resource overlap among bees on Santa Cruz Island. Pages 261– 268. In: D.R. Browne, K.L. Mitchell, and H.W. Chaney (eds.), Fifth California Islands Symposium. MBC Applied Environmental Sciences, Costa Mesa, CA."	symposium paper	TRUE	Elaine Tan	
	LiteratureRecord		Halictus (Seladonia)	Halictidae						floral visit	flower		in nature			Raphanus sativus	Brassicaceae	wild radish	United States	California	Santa Barbara	Santa Cruz Island		Santa Cruz Island					1994-1998				"Thorp, R.W., A.M. Wenner, and J.F. Barthell. 2000. Pollen and nectar resource overlap among bees on Santa Cruz Island. Pages 261– 268. In: D.R. Browne, K.L. Mitchell, and H.W. Chaney (eds.), Fifth California Islands Symposium. MBC Applied Environmental Sciences, Costa Mesa, CA."	symposium paper	TRUE	Elaine Tan	
	LiteratureRecord		Lasioglossum channelense	Halictidae						floral visit	flower		in nature			Raphanus sativus	Brassicaceae	wild radish	United States	California	Santa Barbara	Santa Cruz Island		Santa Cruz Island					1994-1998				"Thorp, R.W., A.M. Wenner, and J.F. Barthell. 2000. Pollen and nectar resource overlap among bees on Santa Cruz Island. Pages 261– 268. In: D.R. Browne, K.L. Mitchell, and H.W. Chaney (eds.), Fifth California Islands Symposium. MBC Applied Environmental Sciences, Costa Mesa, CA."	symposium paper	TRUE	Elaine Tan	
	LiteratureRecord		Melecta separata callura	Apidae						floral visit	flower		in nature			Raphanus sativus	Brassicaceae	wild radish	United States	California	Santa Barbara	Santa Cruz Island		Santa Cruz Island					1994-1998				"Thorp, R.W., A.M. Wenner, and J.F. Barthell. 2000. Pollen and nectar resource overlap among bees on Santa Cruz Island. Pages 261– 268. In: D.R. Browne, K.L. Mitchell, and H.W. Chaney (eds.), Fifth California Islands Symposium. MBC Applied Environmental Sciences, Costa Mesa, CA."	symposium paper	TRUE	Elaine Tan	
	LiteratureRecord		Hylaeus	Colletidae						floral visit	flower		in nature			Raphanus sativus	Brassicaceae	wild radish	United States	California	Santa Barbara	Santa Cruz Island		Santa Cruz Island					1994-1998				"Thorp, R.W., A.M. Wenner, and J.F. Barthell. 2000. Pollen and nectar resource overlap among bees on Santa Cruz Island. Pages 261– 268. In: D.R. Browne, K.L. Mitchell, and H.W. Chaney (eds.), Fifth California Islands Symposium. MBC Applied Environmental Sciences, Costa Mesa, CA."	symposium paper	TRUE	Elaine Tan	
	LiteratureRecord		Nomada	Apidae						floral visit	flower		in nature			Raphanus sativus	Brassicaceae	wild radish	United States	California	Santa Barbara	Santa Cruz Island		Santa Cruz Island					1994-1998				"Thorp, R.W., A.M. Wenner, and J.F. Barthell. 2000. Pollen and nectar resource overlap among bees on Santa Cruz Island. Pages 261– 268. In: D.R. Browne, K.L. Mitchell, and H.W. Chaney (eds.), Fifth California Islands Symposium. MBC Applied Environmental Sciences, Costa Mesa, CA."	symposium paper	TRUE	Elaine Tan	
	LiteratureRecord		Eucera (Synhalonia) 	Apidae						floral visit	flower		in nature			Raphanus sativus	Brassicaceae	wild radish	United States	California	Santa Barbara	Santa Cruz Island		Santa Cruz Island					1994-1998				"Thorp, R.W., A.M. Wenner, and J.F. Barthell. 2000. Pollen and nectar resource overlap among bees on Santa Cruz Island. Pages 261– 268. In: D.R. Browne, K.L. Mitchell, and H.W. Chaney (eds.), Fifth California Islands Symposium. MBC Applied Environmental Sciences, Costa Mesa, CA."	symposium paper	TRUE	Elaine Tan	
	LiteratureRecord		Apis mellifera	Apidae	European honeybee					floral visit	flower		in nature			Eriophyllum confertiflorum	Asteraceae	golden yarrow	United States	California	Santa Barbara	Santa Cruz Island		Santa Cruz Island					1994-1998				"Thorp, R.W., A.M. Wenner, and J.F. Barthell. 2000. Pollen and nectar resource overlap among bees on Santa Cruz Island. Pages 261– 268. In: D.R. Browne, K.L. Mitchell, and H.W. Chaney (eds.), Fifth California Islands Symposium. MBC Applied Environmental Sciences, Costa Mesa, CA."	symposium paper	TRUE	Elaine Tan	
	LiteratureRecord		Augochlorella pomoniella	Halictidae	peridot green-sweat bee					floral visit	flower		in nature			Eriophyllum confertiflorum	Asteraceae	golden yarrow	United States	California	Santa Barbara	Santa Cruz Island		Santa Cruz Island					1994-1998				"Thorp, R.W., A.M. Wenner, and J.F. Barthell. 2000. Pollen and nectar resource overlap among bees on Santa Cruz Island. Pages 261– 268. In: D.R. Browne, K.L. Mitchell, and H.W. Chaney (eds.), Fifth California Islands Symposium. MBC Applied Environmental Sc"	symposium paper	TRUE	Elaine Tan	
	LiteratureRecord		Colletes	Colletidae						floral visit	flower		in nature			Eriophyllum confertiflorum	Asteraceae	golden yarrow	United States	California	Santa Barbara	Santa Cruz Island		Santa Cruz Island					1994-1998				"Thorp, R.W., A.M. Wenner, and J.F. Barthell. 2000. Pollen and nectar resource overlap among bees on Santa Cruz Island. Pages 261– 268. In: D.R. Browne, K.L. Mitchell, and H.W. Chaney (eds.), Fifth California Islands Symposium. MBC Applied Environmental Sc"	symposium paper	TRUE	Elaine Tan	
	LiteratureRecord		Megachile	Megachilidae						floral visit	flower		in nature			Eriophyllum confertiflorum	Asteraceae	golden yarrow	United States	California	Santa Barbara	Santa Cruz Island		Santa Cruz Island					1994-1998				"Thorp, R.W., A.M. Wenner, and J.F. Barthell. 2000. Pollen and nectar resource overlap among bees on Santa Cruz Island. Pages 261– 268. In: D.R. Browne, K.L. Mitchell, and H.W. Chaney (eds.), Fifth California Islands Symposium. MBC Applied Environmental Sc"	symposium paper	TRUE	Elaine Tan	
	LiteratureRecord		Melissodes	Apidae						floral visit	flower		in nature			Eriophyllum confertiflorum	Asteraceae	golden yarrow	United States	California	Santa Barbara	Santa Cruz Island		Santa Cruz Island					1994-1998				"Thorp, R.W., A.M. Wenner, and J.F. Barthell. 2000. Pollen and nectar resource overlap among bees on Santa Cruz Island. Pages 261– 268. In: D.R. Browne, K.L. Mitchell, and H.W. Chaney (eds.), Fifth California Islands Symposium. MBC Applied Environmental Sc"	symposium paper	TRUE	Elaine Tan	
	LiteratureRecord		Apis mellifera	Apidae	European honeybee					floral visit	flower		in nature			Eucalyptus globulus	Myrtaceae	blue gum	United States	California	Santa Barbara	Santa Cruz Island		Santa Cruz Island					1994-1998				"Thorp, R.W., A.M. Wenner, and J.F. Barthell. 2000. Pollen and nectar resource overlap among bees on Santa Cruz Island. Pages 261– 268. In: D.R. Browne, K.L. Mitchell, and H.W. Chaney (eds.), Fifth California Islands Symposium. MBC Applied Environmental Sciences, Costa Mesa, CA."	symposium paper	TRUE	Elaine Tan	
	LiteratureRecord		Agapostemon texanus	Halictidae	ultra-green sweat bee					floral visit	flower		in nature			Eucalyptus globulus	Myrtaceae	blue gum	United States	California	Santa Barbara	Santa Cruz Island		Santa Cruz Island					1994-1998				"Thorp, R.W., A.M. Wenner, and J.F. Barthell. 2000. Pollen and nectar resource overlap among bees on Santa Cruz Island. Pages 261– 268. In: D.R. Browne, K.L. Mitchell, and H.W. Chaney (eds.), Fifth California Islands Symposium. MBC Applied Environmental Sc"	symposium paper	TRUE	Elaine Tan	
	LiteratureRecord		Lasioglossum (Dialictus)	Halictidae						floral visit	flower		in nature			Eucalyptus globulus	Myrtaceae	blue gum	United States	California	Santa Barbara	Santa Cruz Island		Santa Cruz Island					1994-1998				"Thorp, R.W., A.M. Wenner, and J.F. Barthell. 2000. Pollen and nectar resource overlap among bees on Santa Cruz Island. Pages 261– 268. In: D.R. Browne, K.L. Mitchell, and H.W. Chaney (eds.), Fifth California Islands Symposium. MBC Applied Environmental Sc"	symposium paper	TRUE	Elaine Tan	Dialictus sp. 1
	LiteratureRecord		Lasioglossum (Dialictus)	Halictidae						floral visit	flower		in nature			Eucalyptus globulus	Myrtaceae	blue gum	United States	California	Santa Barbara	Santa Cruz Island		Santa Cruz Island					1994-1998				"Thorp, R.W., A.M. Wenner, and J.F. Barthell. 2000. Pollen and nectar resource overlap among bees on Santa Cruz Island. Pages 261– 268. In: D.R. Browne, K.L. Mitchell, and H.W. Chaney (eds.), Fifth California Islands Symposium. MBC Applied Environmental Sc"	symposium paper	TRUE	Elaine Tan	Dialictus sp. 2
	LiteratureRecord		Apis mellifera	Apidae	European honeybee					floral visit	flower		in nature			Hirschfeldia incana	Brassicaceae	short-podded mustard	United States	California	Santa Barbara	Santa Cruz Island		Santa Cruz Island					1994-1998				"Thorp, R.W., A.M. Wenner, and J.F. Barthell. 2000. Pollen and nectar resource overlap among bees on Santa Cruz Island. Pages 261– 268. In: D.R. Browne, K.L. Mitchell, and H.W. Chaney (eds.), Fifth California Islands Symposium. MBC Applied Environmental Sciences, Costa Mesa, CA."	symposium paper	TRUE	Elaine Tan	
	LiteratureRecord		Augochlorella pomoniella	Halictidae						floral visit	flower		in nature			Hirschfeldia incana	Brassicaceae	short-podded mustard	United States	California	Santa Barbara	Santa Cruz Island		Santa Cruz Island					1994-1998				"Thorp, R.W., A.M. Wenner, and J.F. Barthell. 2000. Pollen and nectar resource overlap among bees on Santa Cruz Island. Pages 261– 268. In: D.R. Browne, K.L. Mitchell, and H.W. Chaney (eds.), Fifth California Islands Symposium. MBC Applied Environmental Sc"	symposium paper	TRUE	Elaine Tan	
	LiteratureRecord		Colletes	Colletidae						floral visit	flower		in nature			Hirschfeldia incana	Brassicaceae	short-podded mustard	United States	California	Santa Barbara	Santa Cruz Island		Santa Cruz Island					1994-1998				"Thorp, R.W., A.M. Wenner, and J.F. Barthell. 2000. Pollen and nectar resource overlap among bees on Santa Cruz Island. Pages 261– 268. In: D.R. Browne, K.L. Mitchell, and H.W. Chaney (eds.), Fifth California Islands Symposium. MBC Applied Environmental Sc"	symposium paper	TRUE	Elaine Tan	
	LiteratureRecord		Ceratina acantha	Apidae	prickly ceratina bee					floral visit	flower		in nature			Hirschfeldia incana	Brassicaceae	short-podded mustard	United States	California	Santa Barbara	Santa Cruz Island		Santa Cruz Island					1994-1998				"Thorp, R.W., A.M. Wenner, and J.F. Barthell. 2000. Pollen and nectar resource overlap among bees on Santa Cruz Island. Pages 261– 268. In: D.R. Browne, K.L. Mitchell, and H.W. Chaney (eds.), Fifth California Islands Symposium. MBC Applied Environmental Sc"	symposium paper	TRUE	Elaine Tan	
	LiteratureRecord		Melissodes	Apidae						floral visit	flower		in nature			Hirschfeldia incana	Brassicaceae	short-podded mustard	United States	California	Santa Barbara	Santa Cruz Island		Santa Cruz Island					1994-1998				"Thorp, R.W., A.M. Wenner, and J.F. Barthell. 2000. Pollen and nectar resource overlap among bees on Santa Cruz Island. Pages 261– 268. In: D.R. Browne, K.L. Mitchell, and H.W. Chaney (eds.), Fifth California Islands Symposium. MBC Applied Environmental Sc"	symposium paper	TRUE	Elaine Tan	
	LiteratureRecord		Triepeolus	Apidae						floral visit	flower		in nature			Hirschfeldia incana	Brassicaceae	short-podded mustard	United States	California	Santa Barbara	Santa Cruz Island		Santa Cruz Island					1994-1998				"Thorp, R.W., A.M. Wenner, and J.F. Barthell. 2000. Pollen and nectar resource overlap among bees on Santa Cruz Island. Pages 261– 268. In: D.R. Browne, K.L. Mitchell, and H.W. Chaney (eds.), Fifth California Islands Symposium. MBC Applied Environmental Sc"	symposium paper	TRUE	Elaine Tan	
	LiteratureRecord		Apis mellifera	Apidae	European honeybee					floral visit	flower		in nature			Lupinus albifrons	Fabaceae	silver lupine	United States	California	Santa Barbara	Santa Cruz Island		Santa Cruz Island					1994-1998				"Thorp, R.W., A.M. Wenner, and J.F. Barthell. 2000. Pollen and nectar resource overlap among bees on Santa Cruz Island. Pages 261– 268. In: D.R. Browne, K.L. Mitchell, and H.W. Chaney (eds.), Fifth California Islands Symposium. MBC Applied Environmental Sciences, Costa Mesa, CA."	symposium paper	TRUE	Elaine Tan	
	LiteratureRecord		Anthidium maculosum	Megachilidae						floral visit	flower		in nature			Lupinus albifrons	Fabaceae	silver lupine	United States	California	Santa Barbara	Santa Cruz Island		Santa Cruz Island					1994-1998				"Thorp, R.W., A.M. Wenner, and J.F. Barthell. 2000. Pollen and nectar resource overlap among bees on Santa Cruz Island. Pages 261– 268. In: D.R. Browne, K.L. Mitchell, and H.W. Chaney (eds.), Fifth California Islands Symposium. MBC Applied Environmental Sc"	symposium paper	TRUE	Elaine Tan	
	LiteratureRecord		Anthophora edwardsii	Apidae	Edwards's digger bee					floral visit	flower		in nature			Lupinus albifrons	Fabaceae	silver lupine	United States	California	Santa Barbara	Santa Cruz Island		Santa Cruz Island					1994-1998				"Thorp, R.W., A.M. Wenner, and J.F. Barthell. 2000. Pollen and nectar resource overlap among bees on Santa Cruz Island. Pages 261– 268. In: D.R. Browne, K.L. Mitchell, and H.W. Chaney (eds.), Fifth California Islands Symposium. MBC Applied Environmental Sc"	symposium paper	TRUE	Elaine Tan	
	LiteratureRecord		Bombus edwardsii	Apidae	black-tailed bumblebee					floral visit	flower		in nature			Lupinus albifrons	Fabaceae	silver lupine	United States	California	Santa Barbara	Santa Cruz Island		Santa Cruz Island					1994-1998				"Thorp, R.W., A.M. Wenner, and J.F. Barthell. 2000. Pollen and nectar resource overlap among bees on Santa Cruz Island. Pages 261– 268. In: D.R. Browne, K.L. Mitchell, and H.W. Chaney (eds.), Fifth California Islands Symposium. MBC Applied Environmental Sc"	symposium paper	TRUE	Elaine Tan	
	LiteratureRecord		Diadasia bituberculata	Apidae	chimney bee					floral visit	flower		in nature			Lupinus albifrons	Fabaceae	silver lupine	United States	California	Santa Barbara	Santa Cruz Island		Santa Cruz Island					1994-1998				"Thorp, R.W., A.M. Wenner, and J.F. Barthell. 2000. Pollen and nectar resource overlap among bees on Santa Cruz Island. Pages 261– 268. In: D.R. Browne, K.L. Mitchell, and H.W. Chaney (eds.), Fifth California Islands Symposium. MBC Applied Environmental Sc"	symposium paper	TRUE	Elaine Tan	
	LiteratureRecord		Habropoda depressa	Apidae	California mountain-digger bee					floral visit	flower		in nature			Lupinus albifrons	Fabaceae	silver lupine	United States	California	Santa Barbara	Santa Cruz Island		Santa Cruz Island					1994-1998				"Thorp, R.W., A.M. Wenner, and J.F. Barthell. 2000. Pollen and nectar resource overlap among bees on Santa Cruz Island. Pages 261– 268. In: D.R. Browne, K.L. Mitchell, and H.W. Chaney (eds.), Fifth California Islands Symposium. MBC Applied Environmental Sc"	symposium paper	TRUE	Elaine Tan	
	LiteratureRecord		Megachile brevis	Halictidae						floral visit	flower		in nature			Lupinus albifrons	Fabaceae	silver lupine	United States	California	Santa Barbara	Santa Cruz Island		Santa Cruz Island					1994-1998				"Thorp, R.W., A.M. Wenner, and J.F. Barthell. 2000. Pollen and nectar resource overlap among bees on Santa Cruz Island. Pages 261– 268. In: D.R. Browne, K.L. Mitchell, and H.W. Chaney (eds.), Fifth California Islands Symposium. MBC Applied Environmental Sc"	symposium paper	TRUE	Elaine Tan	
	LiteratureRecord		Megachile coquilletti	Halictidae						floral visit	flower		in nature			Lupinus albifrons	Fabaceae	silver lupine	United States	California	Santa Barbara	Santa Cruz Island		Santa Cruz Island					1994-1998				"Thorp, R.W., A.M. Wenner, and J.F. Barthell. 2000. Pollen and nectar resource overlap among bees on Santa Cruz Island. Pages 261– 268. In: D.R. Browne, K.L. Mitchell, and H.W. Chaney (eds.), Fifth California Islands Symposium. MBC Applied Environmental Sc"	symposium paper	TRUE	Elaine Tan	
	LiteratureRecord		Eucera (Synhalonia) 	Apidae						floral visit	flower		in nature			Lupinus albifrons	Fabaceae	silver lupine	United States	California	Santa Barbara	Santa Cruz Island		Santa Cruz Island					1994-1998				"Thorp, R.W., A.M. Wenner, and J.F. Barthell. 2000. Pollen and nectar resource overlap among bees on Santa Cruz Island. Pages 261– 268. In: D.R. Browne, K.L. Mitchell, and H.W. Chaney (eds.), Fifth California Islands Symposium. MBC Applied Environmental Sc"	symposium paper	TRUE	Elaine Tan	
	LiteratureRecord		Apis mellifera	Apidae	European honeybee					floral visit	flower		in nature			Melilotus indicus	Fabaceae	yellow sweet clover	United States	California	Santa Barbara	Santa Cruz Island		Santa Cruz Island					1994-1998				"Thorp, R.W., A.M. Wenner, and J.F. Barthell. 2000. Pollen and nectar resource overlap among bees on Santa Cruz Island. Pages 261– 268. In: D.R. Browne, K.L. Mitchell, and H.W. Chaney (eds.), Fifth California Islands Symposium. MBC Applied Environmental Sciences, Costa Mesa, CA."	symposium paper	TRUE	Elaine Tan	
	LiteratureRecord		Andrena	Andrenidae						floral visit	flower		in nature			Melilotus indicus	Fabaceae	yellow sweet clover	United States	California	Santa Barbara	Santa Cruz Island		Santa Cruz Island					1994-1998				"Thorp, R.W., A.M. Wenner, and J.F. Barthell. 2000. Pollen and nectar resource overlap among bees on Santa Cruz Island. Pages 261– 268. In: D.R. Browne, K.L. Mitchell, and H.W. Chaney (eds.), Fifth California Islands Symposium. MBC Applied Environmental Sc"	symposium paper	TRUE	Elaine Tan	
	LiteratureRecord		Apis mellifera	Apidae	European honeybee					floral visit	flower		in nature			Persea americana	Lauraceae	avocado	United States	California	Santa Barbara	Santa Cruz Island		Santa Cruz Island					1994-1998				"Thorp, R.W., A.M. Wenner, and J.F. Barthell. 2000. Pollen and nectar resource overlap among bees on Santa Cruz Island. Pages 261– 268. In: D.R. Browne, K.L. Mitchell, and H.W. Chaney (eds.), Fifth California Islands Symposium. MBC Applied Environmental Sciences, Costa Mesa, CA."	symposium paper	TRUE	Elaine Tan	
	LiteratureRecord		Andrena prunorum	Andrenidae						floral visit	flower		in nature			Persea americana	Lauraceae	avocado	United States	California	Santa Barbara	Santa Cruz Island		Santa Cruz Island					1994-1998				"Thorp, R.W., A.M. Wenner, and J.F. Barthell. 2000. Pollen and nectar resource overlap among bees on Santa Cruz Island. Pages 261– 268. In: D.R. Browne, K.L. Mitchell, and H.W. Chaney (eds.), Fifth California Islands Symposium. MBC Applied Environmental Sc"	symposium paper	TRUE	Elaine Tan	
	LiteratureRecord		Ceratina acantha	Apidae	prickly ceratina bee					floral visit	flower		in nature			Persea americana	Lauraceae	avocado	United States	California	Santa Barbara	Santa Cruz Island		Santa Cruz Island					1994-1998				"Thorp, R.W., A.M. Wenner, and J.F. Barthell. 2000. Pollen and nectar resource overlap among bees on Santa Cruz Island. Pages 261– 268. In: D.R. Browne, K.L. Mitchell, and H.W. Chaney (eds.), Fifth California Islands Symposium. MBC Applied Environmental Sc"	symposium paper	TRUE	Elaine Tan	
	LiteratureRecord		Lasioglossum (Evylaeus)	Halictidae						floral visit	flower		in nature			Persea americana	Lauraceae	avocado	United States	California	Santa Barbara	Santa Cruz Island		Santa Cruz Island					1994-1998				"Thorp, R.W., A.M. Wenner, and J.F. Barthell. 2000. Pollen and nectar resource overlap among bees on Santa Cruz Island. Pages 261– 268. In: D.R. Browne, K.L. Mitchell, and H.W. Chaney (eds.), Fifth California Islands Symposium. MBC Applied Environmental Sc"	symposium paper	TRUE	Elaine Tan	
	LiteratureRecord		Halictus (Seladonia)	Halictidae						floral visit	flower		in nature			Persea americana	Lauraceae	avocado	United States	California	Santa Barbara	Santa Cruz Island		Santa Cruz Island					1994-1998				"Thorp, R.W., A.M. Wenner, and J.F. Barthell. 2000. Pollen and nectar resource overlap among bees on Santa Cruz Island. Pages 261– 268. In: D.R. Browne, K.L. Mitchell, and H.W. Chaney (eds.), Fifth California Islands Symposium. MBC Applied Environmental Sc"	symposium paper	TRUE	Elaine Tan	
	LiteratureRecord		Hylaeus	Colletidae						floral visit	flower		in nature			Persea americana	Lauraceae	avocado	United States	California	Santa Barbara	Santa Cruz Island		Santa Cruz Island					1994-1998				"Thorp, R.W., A.M. Wenner, and J.F. Barthell. 2000. Pollen and nectar resource overlap among bees on Santa Cruz Island. Pages 261– 268. In: D.R. Browne, K.L. Mitchell, and H.W. Chaney (eds.), Fifth California Islands Symposium. MBC Applied Environmental Sc"	symposium paper	TRUE	Elaine Tan	
	LiteratureRecord		Apis mellifera	Apidae	European honeybee					floral visit	flower		in nature			Rhus ovata	Anacardiaceae	sugar bush	United States	California	Santa Barbara	Santa Cruz Island		Santa Cruz Island					1994-1998				"Thorp, R.W., A.M. Wenner, and J.F. Barthell. 2000. Pollen and nectar resource overlap among bees on Santa Cruz Island. Pages 261– 268. In: D.R. Browne, K.L. Mitchell, and H.W. Chaney (eds.), Fifth California Islands Symposium. MBC Applied Environmental Sciences, Costa Mesa, CA."	symposium paper	TRUE	Elaine Tan	
	LiteratureRecord		Agapostemon texanus	Halictidae	ultra-green sweat bee					floral visit	flower		in nature			Rhus ovata	Anacardiaceae	sugar bush	United States	California	Santa Barbara	Santa Cruz Island		Santa Cruz Island					1994-1998				"Thorp, R.W., A.M. Wenner, and J.F. Barthell. 2000. Pollen and nectar resource overlap among bees on Santa Cruz Island. Pages 261– 268. In: D.R. Browne, K.L. Mitchell, and H.W. Chaney (eds.), Fifth California Islands Symposium. MBC Applied Environmental Sc"	symposium paper	TRUE	Elaine Tan	
	LiteratureRecord		Andrena caerulea	Andrenidae						floral visit	flower		in nature			Rhus ovata	Anacardiaceae	sugar bush	United States	California	Santa Barbara	Santa Cruz Island		Santa Cruz Island					1994-1998				"Thorp, R.W., A.M. Wenner, and J.F. Barthell. 2000. Pollen and nectar resource overlap among bees on Santa Cruz Island. Pages 261– 268. In: D.R. Browne, K.L. Mitchell, and H.W. Chaney (eds.), Fifth California Islands Symposium. MBC Applied Environmental Sc"	symposium paper	TRUE	Elaine Tan	
	LiteratureRecord		Andrena	Andrenidae						floral visit	flower		in nature			Rhus ovata	Anacardiaceae	sugar bush	United States	California	Santa Barbara	Santa Cruz Island		Santa Cruz Island					1994-1998				"Thorp, R.W., A.M. Wenner, and J.F. Barthell. 2000. Pollen and nectar resource overlap among bees on Santa Cruz Island. Pages 261– 268. In: D.R. Browne, K.L. Mitchell, and H.W. Chaney (eds.), Fifth California Islands Symposium. MBC Applied Environmental Sc"	symposium paper	TRUE	Elaine Tan	
	LiteratureRecord		Bombus edwardsii	Apidae	black-tailed bumblebee					floral visit	flower		in nature			Rhus ovata	Anacardiaceae	sugar bush	United States	California	Santa Barbara	Santa Cruz Island		Santa Cruz Island					1994-1998				"Thorp, R.W., A.M. Wenner, and J.F. Barthell. 2000. Pollen and nectar resource overlap among bees on Santa Cruz Island. Pages 261– 268. In: D.R. Browne, K.L. Mitchell, and H.W. Chaney (eds.), Fifth California Islands Symposium. MBC Applied Environmental Sc"	symposium paper	TRUE	Elaine Tan	
	LiteratureRecord		Lasioglossum (Evylaeus)	Halictidae						floral visit	flower		in nature			Rhus ovata	Anacardiaceae	sugar bush	United States	California	Santa Barbara	Santa Cruz Island		Santa Cruz Island					1994-1998				"Thorp, R.W., A.M. Wenner, and J.F. Barthell. 2000. Pollen and nectar resource overlap among bees on Santa Cruz Island. Pages 261– 268. In: D.R. Browne, K.L. Mitchell, and H.W. Chaney (eds.), Fifth California Islands Symposium. MBC Applied Environmental Sc"	symposium paper	TRUE	Elaine Tan	
	LiteratureRecord		Habropoda depressa	Apidae	California mountain-digger bee					floral visit	flower		in nature			Rhus ovata	Anacardiaceae	sugar bush	United States	California	Santa Barbara	Santa Cruz Island		Santa Cruz Island					1994-1998				"Thorp, R.W., A.M. Wenner, and J.F. Barthell. 2000. Pollen and nectar resource overlap among bees on Santa Cruz Island. Pages 261– 268. In: D.R. Browne, K.L. Mitchell, and H.W. Chaney (eds.), Fifth California Islands Symposium. MBC Applied Environmental Sc"	symposium paper	TRUE	Elaine Tan	
	LiteratureRecord		Hylaeus	Colletidae						floral visit	flower		in nature			Rhus ovata	Anacardiaceae	sugar bush	United States	California	Santa Barbara	Santa Cruz Island		Santa Cruz Island					1994-1998				"Thorp, R.W., A.M. Wenner, and J.F. Barthell. 2000. Pollen and nectar resource overlap among bees on Santa Cruz Island. Pages 261– 268. In: D.R. Browne, K.L. Mitchell, and H.W. Chaney (eds.), Fifth California Islands Symposium. MBC Applied Environmental Sc"	symposium paper	TRUE	Elaine Tan	
	LiteratureRecord		Nomada	Apidae						floral visit	flower		in nature			Rhus ovata	Anacardiaceae	sugar bush	United States	California	Santa Barbara	Santa Cruz Island		Santa Cruz Island					1994-1998				"Thorp, R.W., A.M. Wenner, and J.F. Barthell. 2000. Pollen and nectar resource overlap among bees on Santa Cruz Island. Pages 261– 268. In: D.R. Browne, K.L. Mitchell, and H.W. Chaney (eds.), Fifth California Islands Symposium. MBC Applied Environmental Sc"	symposium paper	TRUE	Elaine Tan	
	LiteratureRecord		Protosmia rubifloris	Megachilidae						floral visit	flower		in nature			Rhus ovata	Anacardiaceae	sugar bush	United States	California	Santa Barbara	Santa Cruz Island		Santa Cruz Island					1994-1998				"Thorp, R.W., A.M. Wenner, and J.F. Barthell. 2000. Pollen and nectar resource overlap among bees on Santa Cruz Island. Pages 261– 268. In: D.R. Browne, K.L. Mitchell, and H.W. Chaney (eds.), Fifth California Islands Symposium. MBC Applied Environmental Sc"	symposium paper	TRUE	Elaine Tan	
	LiteratureRecord		Apis mellifera	Apidae	European honeybee					floral visit	flower		in nature			Stephanomeria exigua coronaria	Asteraceae	milk-aster	United States	California	Santa Barbara	Santa Cruz Island		Santa Cruz Island					1994-1998				"Thorp, R.W., A.M. Wenner, and J.F. Barthell. 2000. Pollen and nectar resource overlap among bees on Santa Cruz Island. Pages 261– 268. In: D.R. Browne, K.L. Mitchell, and H.W. Chaney (eds.), Fifth California Islands Symposium. MBC Applied Environmental Sciences, Costa Mesa, CA."	symposium paper	TRUE	Elaine Tan	
	LiteratureRecord		Augochlorella pomoniella	Halictidae	peridot green-sweat bee					floral visit	flower		in nature			Stephanomeria exigua coronaria	Asteraceae	milk-aster	United States	California	Santa Barbara	Santa Cruz Island		Santa Cruz Island					1994-1998				"Thorp, R.W., A.M. Wenner, and J.F. Barthell. 2000. Pollen and nectar resource overlap among bees on Santa Cruz Island. Pages 261– 268. In: D.R. Browne, K.L. Mitchell, and H.W. Chaney (eds.), Fifth California Islands Symposium. MBC Applied Environmental Sc"	symposium paper	TRUE	Elaine Tan	
	LiteratureRecord		Apis mellifera	Apidae	European honeybee					floral visit	flower		in nature			Veronica anagallis-aquatica	Plantaginaceae	water speedwell	United States	California	Santa Barbara	Santa Cruz Island		Santa Cruz Island					1994-1998				"Thorp, R.W., A.M. Wenner, and J.F. Barthell. 2000. Pollen and nectar resource overlap among bees on Santa Cruz Island. Pages 261– 268. In: D.R. Browne, K.L. Mitchell, and H.W. Chaney (eds.), Fifth California Islands Symposium. MBC Applied Environmental Sciences, Costa Mesa, CA."	symposium paper	TRUE	Elaine Tan	
	LiteratureRecord		Ceratina acantha	Apidae	prickly ceratina bee					floral visit	flower		in nature			Veronica anagallis-aquatica	Plantaginaceae	water speedwell	United States	California	Santa Barbara	Santa Cruz Island		Santa Cruz Island					1994-1998				"Thorp, R.W., A.M. Wenner, and J.F. Barthell. 2000. Pollen and nectar resource overlap among bees on Santa Cruz Island. Pages 261– 268. In: D.R. Browne, K.L. Mitchell, and H.W. Chaney (eds.), Fifth California Islands Symposium. MBC Applied Environmental Sc"	symposium paper	TRUE	Elaine Tan	
	LiteratureRecord		Apis mellifera	Apidae	European honeybee					floral visit	flower		in nature			Wisteria	Fabaceae	wisteria	United States	California	Santa Barbara	Santa Cruz Island		Santa Cruz Island					1994-1998				"Thorp, R.W., A.M. Wenner, and J.F. Barthell. 2000. Pollen and nectar resource overlap among bees on Santa Cruz Island. Pages 261– 268. In: D.R. Browne, K.L. Mitchell, and H.W. Chaney (eds.), Fifth California Islands Symposium. MBC Applied Environmental Sciences, Costa Mesa, CA."	symposium paper	TRUE	Elaine Tan	
	LiteratureRecord		Bombus edwardsii	Apidae	black-tailed bumblebee					floral visit	flower		in nature			Wisteria	Fabaceae	wisteria	United States	California	Santa Barbara	Santa Cruz Island		Santa Cruz Island					1994-1998				"Thorp, R.W., A.M. Wenner, and J.F. Barthell. 2000. Pollen and nectar resource overlap among bees on Santa Cruz Island. Pages 261– 268. In: D.R. Browne, K.L. Mitchell, and H.W. Chaney (eds.), Fifth California Islands Symposium. MBC Applied Environmental Sc"	symposium paper	TRUE	Elaine Tan	
	LiteratureRecord		Apis mellifera	Apidae	European honeybee					floral visit	flower		in nature			Centaurea solstitialis	Asteraceae	yellow star-thistle	United States	California	Santa Barbara	Santa Cruz Island; Central Valley		Santa Cruz Island; Central Valley					Jul-98	1998-07-00			"Thorp, R.W., A.M. Wenner, and J.F. Barthell. 2000. Pollen and nectar resource overlap among bees on Santa Cruz Island. Pages 261– 268. In: D.R. Browne, K.L. Mitchell, and H.W. Chaney (eds.), Fifth California Islands Symposium. MBC Applied Environmental Sciences, Costa Mesa, CA."	symposium paper	TRUE	Elaine Tan	
	LiteratureRecord		Apis mellifera	Apidae	European honeybee					floral visit	flower		in nature			Lyonothamnus floribundus	Rosaceae	Catalina ironwood	United States	California	Santa Barbara	Santa Cruz Island		Santa Cruz Island					1998	1998			"Thorp, R.W., A.M. Wenner, and J.F. Barthell. 2000. Pollen and nectar resource overlap among bees on Santa Cruz Island. Pages 261– 268. In: D.R. Browne, K.L. Mitchell, and H.W. Chaney (eds.), Fifth California Islands Symposium. MBC Applied Environmental Sciences, Costa Mesa, CA."	symposium paper	TRUE	Elaine Tan	
	LiteratureRecord		Andrena	Andrenidae						floral visit	flower		in nature			Lyonothamnus floribundus	Rosaceae	Catalina ironwood	United States	California	Santa Barbara	Santa Cruz Island		Santa Cruz Island					1998	1998			"Thorp, R.W., A.M. Wenner, and J.F. Barthell. 2000. Pollen and nectar resource overlap among bees on Santa Cruz Island. Pages 261– 268. In: D.R. Browne, K.L. Mitchell, and H.W. Chaney (eds.), Fifth California Islands Symposium. MBC Applied Environmental Sciences, Costa Mesa, CA."	symposium paper	TRUE	Elaine Tan	
	LiteratureRecord		Augochlorella pomoniella	Halictidae	peridot green-sweat bee					floral visit	flower		in nature			Lyonothamnus floribundus	Rosaceae	Catalina ironwood	United States	California	Santa Barbara	Santa Cruz Island		Santa Cruz Island					1998	1998			"Thorp, R.W., A.M. Wenner, and J.F. Barthell. 2000. Pollen and nectar resource overlap among bees on Santa Cruz Island. Pages 261– 268. In: D.R. Browne, K.L. Mitchell, and H.W. Chaney (eds.), Fifth California Islands Symposium. MBC Applied Environmental Sciences, Costa Mesa, CA."	symposium paper	TRUE	Elaine Tan	
	LiteratureRecord		Ceratina acantha	Apidae	prickly ceratina bee					floral visit	flower		in nature			Lyonothamnus floribundus	Rosaceae	Catalina ironwood	United States	California	Santa Barbara	Santa Cruz Island		Santa Cruz Island					1998	1998			"Thorp, R.W., A.M. Wenner, and J.F. Barthell. 2000. Pollen and nectar resource overlap among bees on Santa Cruz Island. Pages 261– 268. In: D.R. Browne, K.L. Mitchell, and H.W. Chaney (eds.), Fifth California Islands Symposium. MBC Applied Environmental Sciences, Costa Mesa, CA."	symposium paper	TRUE	Elaine Tan	
	LiteratureRecord		Colletes	Colletidae						floral visit	flower		in nature			Lyonothamnus floribundus	Rosaceae	Catalina ironwood	United States	California	Santa Barbara	Santa Cruz Island		Santa Cruz Island					1998	1998			"Thorp, R.W., A.M. Wenner, and J.F. Barthell. 2000. Pollen and nectar resource overlap among bees on Santa Cruz Island. Pages 261– 268. In: D.R. Browne, K.L. Mitchell, and H.W. Chaney (eds.), Fifth California Islands Symposium. MBC Applied Environmental Sciences, Costa Mesa, CA."	symposium paper	TRUE	Elaine Tan	
	LiteratureRecord		Hylaeus	Colletidae						floral visit	flower		in nature			Lyonothamnus floribundus	Rosaceae	Catalina ironwood	United States	California	Santa Barbara	Santa Cruz Island		Santa Cruz Island					1998	1998			"Thorp, R.W., A.M. Wenner, and J.F. Barthell. 2000. Pollen and nectar resource overlap among bees on Santa Cruz Island. Pages 261– 268. In: D.R. Browne, K.L. Mitchell, and H.W. Chaney (eds.), Fifth California Islands Symposium. MBC Applied Environmental Sciences, Costa Mesa, CA."	symposium paper	TRUE	Elaine Tan	
	LiteratureRecord		Protosmia rubifloris	Megachilidae						floral visit	flower		in nature			Lyonothamnus floribundus	Rosaceae	Catalina ironwood	United States	California	Santa Barbara	Santa Cruz Island		Santa Cruz Island					1998	1998			"Thorp, R.W., A.M. Wenner, and J.F. Barthell. 2000. Pollen and nectar resource overlap among bees on Santa Cruz Island. Pages 261– 268. In: D.R. Browne, K.L. Mitchell, and H.W. Chaney (eds.), Fifth California Islands Symposium. MBC Applied Environmental Sciences, Costa Mesa, CA."	symposium paper	TRUE	Elaine Tan	
	LiteratureRecord		Megachile apicalis	Megachilidae		female				floral visit	flower		in nature			Centaurea solstitialis	Asteraceae	yellow star-thistle	United States	California	Santa Barbara	Santa Cruz Island		Santa Cruz Island					1998	1998			"Thorp, R.W., A.M. Wenner, and J.F. Barthell. 2000. Pollen and nectar resource overlap among bees on Santa Cruz Island. Pages 261– 268. In: D.R. Browne, K.L. Mitchell, and H.W. Chaney (eds.), Fifth California Islands Symposium. MBC Applied Environmental Sciences, Costa Mesa, CA."	symposium paper	TRUE	Elaine Tan	
	LiteratureRecord		Megachile apicalis	Megachilidae		female				floral visit	flower		in nature			Centaurea melitensis	Asteraceae	Maltese star-thistle	United States	California	Santa Barbara	Santa Cruz Island		Santa Cruz Island					1998	1998			"Thorp, R.W., A.M. Wenner, and J.F. Barthell. 2000. Pollen and nectar resource overlap among bees on Santa Cruz Island. Pages 261– 268. In: D.R. Browne, K.L. Mitchell, and H.W. Chaney (eds.), Fifth California Islands Symposium. MBC Applied Environmental Sciences, Costa Mesa, CA."	symposium paper	TRUE	Elaine Tan	
	LiteratureRecord		Megachile apicalis	Megachilidae		male				floral visit	flower		in nature			Marrubium	Lamiaceae	horehound	United States	California	Santa Barbara	Santa Cruz Island		Santa Cruz Island					1998	1998			"Thorp, R.W., A.M. Wenner, and J.F. Barthell. 2000. Pollen and nectar resource overlap among bees on Santa Cruz Island. Pages 261– 268. In: D.R. Browne, K.L. Mitchell, and H.W. Chaney (eds.), Fifth California Islands Symposium. MBC Applied Environmental Sciences, Costa Mesa, CA."	symposium paper	TRUE	Elaine Tan	
	LiteratureRecord		Megachile apicalis	Megachilidae		male				floral visit	flower		in nature			Silybum	Asteraceae	milk thistle	United States	California	Santa Barbara	Santa Cruz Island		Santa Cruz Island					1998	1998			"Thorp, R.W., A.M. Wenner, and J.F. Barthell. 2000. Pollen and nectar resource overlap among bees on Santa Cruz Island. Pages 261– 268. In: D.R. Browne, K.L. Mitchell, and H.W. Chaney (eds.), Fifth California Islands Symposium. MBC Applied Environmental Sciences, Costa Mesa, CA."	symposium paper	TRUE	Elaine Tan	
	LiteratureRecord		Megachile apicalis	Megachilidae		male				floral visit	flower		in nature			Grindelia	Asteraceae	gumweed	United States	California	Santa Barbara	Santa Cruz Island		Santa Cruz Island					1998	1998			"Thorp, R.W., A.M. Wenner, and J.F. Barthell. 2000. Pollen and nectar resource overlap among bees on Santa Cruz Island. Pages 261– 268. In: D.R. Browne, K.L. Mitchell, and H.W. Chaney (eds.), Fifth California Islands Symposium. MBC Applied Environmental Sciences, Costa Mesa, CA."	symposium paper	TRUE	Elaine Tan	
	LiteratureRecord		Melecta separata callura	Apidae						association	nest		in nature			Anthophora edwardsii	Apidae	Edwards's digger bee	United States	California	Santa Barbara	Santa Cruz Island		Santa Cruz Island					1998	1998			"Thorp, R.W., A.M. Wenner, and J.F. Barthell. 2000. Pollen and nectar resource overlap among bees on Santa Cruz Island. Pages 261– 268. In: D.R. Browne, K.L. Mitchell, and H.W. Chaney (eds.), Fifth California Islands Symposium. MBC Applied Environmental Sciences, Costa Mesa, CA."	symposium paper	TRUE	Elaine Tan	
	LiteratureRecord		Diadasia bituberculata	Apidae	chimney bee					floral visit	flower		in nature			Calystegia	Convolvulaceae	false bindweed	United States	California	Santa Barbara	Santa Cruz Island		Santa Cruz Island					1998	1998			"Thorp, R.W., A.M. Wenner, and J.F. Barthell. 2000. Pollen and nectar resource overlap among bees on Santa Cruz Island. Pages 261– 268. In: D.R. Browne, K.L. Mitchell, and H.W. Chaney (eds.), Fifth California Islands Symposium. MBC Applied Environmental Sciences, Costa Mesa, CA."	symposium paper	TRUE	Elaine Tan	
	LiteratureRecord		Diadasia nigrifrons	Apidae						floral visit	flower		in nature			Sidalcea	Malvaceae	checker mallow	United States	California	Santa Barbara	Santa Cruz Island		Santa Cruz Island					1998	1998			"Thorp, R.W., A.M. Wenner, and J.F. Barthell. 2000. Pollen and nectar resource overlap among bees on Santa Cruz Island. Pages 261– 268. In: D.R. Browne, K.L. Mitchell, and H.W. Chaney (eds.), Fifth California Islands Symposium. MBC Applied Environmental Sciences, Costa Mesa, CA."	symposium paper	TRUE	Elaine Tan	
	LiteratureRecord		Diadasia nitidifrons	Apidae						floral visit	flower		in nature			Malacothamnus	Malvaceae	bush-mallow	United States	California	Santa Barbara	Santa Cruz Island		Santa Cruz Island					1998	1998			"Thorp, R.W., A.M. Wenner, and J.F. Barthell. 2000. Pollen and nectar resource overlap among bees on Santa Cruz Island. Pages 261– 268. In: D.R. Browne, K.L. Mitchell, and H.W. Chaney (eds.), Fifth California Islands Symposium. MBC Applied Environmental Sciences, Costa Mesa, CA."	symposium paper	TRUE	Elaine Tan	
	LiteratureRecord		Diadasia rinconis	Apidae						floral visit	flower		in nature			Opuntia	Cactaceae	prickly pear	United States	California	Santa Barbara	Santa Cruz Island		Santa Cruz Island					1998	1998			"Thorp, R.W., A.M. Wenner, and J.F. Barthell. 2000. Pollen and nectar resource overlap among bees on Santa Cruz Island. Pages 261– 268. In: D.R. Browne, K.L. Mitchell, and H.W. Chaney (eds.), Fifth California Islands Symposium. MBC Applied Environmental Sciences, Costa Mesa, CA."	symposium paper	TRUE	Elaine Tan	
	LiteratureRecord		Andrena (Diandrena)	Andrenidae						floral visit	flower		in nature			Lasthenia	Asteraceae	goldfield	United States	California	Santa Barbara	Santa Cruz Island		Santa Cruz Island					1998	1998			"Thorp, R.W., A.M. Wenner, and J.F. Barthell. 2000. Pollen and nectar resource overlap among bees on Santa Cruz Island. Pages 261– 268. In: D.R. Browne, K.L. Mitchell, and H.W. Chaney (eds.), Fifth California Islands Symposium. MBC Applied Environmental Sciences, Costa Mesa, CA."	symposium paper	TRUE	Elaine Tan	
	LiteratureRecord		Andrena (Hesperandrena) 	Andrenidae						floral visit	flower		in nature			Lasthenia	Asteraceae	goldfield	United States	California	Santa Barbara	Santa Cruz Island		Santa Cruz Island					1998	1998			"Thorp, R.W., A.M. Wenner, and J.F. Barthell. 2000. Pollen and nectar resource overlap among bees on Santa Cruz Island. Pages 261– 268. In: D.R. Browne, K.L. Mitchell, and H.W. Chaney (eds.), Fifth California Islands Symposium. MBC Applied Environmental Sciences, Costa Mesa, CA."	symposium paper	TRUE	Elaine Tan	
	LiteratureRecord		Andrena oenotherae	Andrenidae						floral visit	flower		in nature			Camissonia	Onagraceae	sun cup	United States	California	Santa Barbara	Santa Cruz Island		Santa Cruz Island					1998	1998			"Thorp, R.W., A.M. Wenner, and J.F. Barthell. 2000. Pollen and nectar resource overlap among bees on Santa Cruz Island. Pages 261– 268. In: D.R. Browne, K.L. Mitchell, and H.W. Chaney (eds.), Fifth California Islands Symposium. MBC Applied Environmental Sciences, Costa Mesa, CA."	symposium paper	TRUE	Elaine Tan	
	LiteratureRecord		Coelioxys	Megachilidae						lays eggs	nest		in nature			Megachile	Megachilidae		United States	California	Santa Barbara	Santa Cruz Island		Santa Cruz Island					1998	1998			"Thorp, R.W., A.M. Wenner, and J.F. Barthell. 2000. Pollen and nectar resource overlap among bees on Santa Cruz Island. Pages 261– 268. In: D.R. Browne, K.L. Mitchell, and H.W. Chaney (eds.), Fifth California Islands Symposium. MBC Applied Environmental Sciences, Costa Mesa, CA."	symposium paper	TRUE	Elaine Tan	
	LiteratureRecord		Apis mellifera	Apidae	European honeybee					floral visit	flower		in nature			Calystegia	Convolvulaceae	false bindweed	United States	California	Santa Barbara	Santa Cruz Island		Santa Cruz Island					1998	1998			"Thorp, R.W., A.M. Wenner, and J.F. Barthell. 2000. Pollen and nectar resource overlap among bees on Santa Cruz Island. Pages 261– 268. In: D.R. Browne, K.L. Mitchell, and H.W. Chaney (eds.), Fifth California Islands Symposium. MBC Applied Environmental Sciences, Costa Mesa, CA."	symposium paper	TRUE	Elaine Tan	
